"Sr No.","Id","Title","Description","Availability","Condition","Price","Link","Image Link","Brand","Google Product Category","FB Product Category","Quantity To Sell On Facebook","Sale Price","Sale Price Effective_Date","Item Group Id","Gender","Color","Size","Age_Group","Material","Pattern","Shipping","Shipping Weight","Offer Disclaimer","Offer Disclaimer Url","Video Url","Video Tag","GTIN","Product Pages","Product Tags","Style"
"1","SK2344","VASVI Women Cotton Sleeveless Straight Kurta","VASVI Women Cotton Sleeveless Katha Work Straight Kurta","Yes","No","999INR","https://vasvi.in/SK2344/vasvi-women-cotton-sleeveless-straight-kurta-696de2859df51","https://vasvi.in/uploads/products/variant_1_689c9f89c8759.jpeg","VASVI","Women","Women","9","999INR","","JJ-10002","unisex","","","","","","","0,290 grm","","","","","","","",""
"2","TP5818","Cotton Printed Top","VASVI Women Cotton Printed Top","Yes","No","599INR","https://vasvi.in/TP5818/cotton-printed-top-6974654ace316","https://vasvi.in/uploads/products/variant_17_68a70d29451b6.JPG","VASVI","Women","Women","97","599INR","","JJ-10019","unisex","","","","","","","0.290 grm","","","","","","","",""
"3","CSD6040","VASVI Women Elephant Printed Cotton Kurta Pant With Dupatta Set","VASVI Women Elephant Printed Cotton Kurta Pant With Dupatta Set","Yes","No","1799INR","https://vasvi.in/CSD6040/vasvi-women-elephant-printed-cotton-kurta-pant-with-dupatta-set-696de38525ac4","https://vasvi.in/uploads/products/variant_4_68a6fbaff2f5a.JPG","VASVI","Women","Women","100","1799INR","","JJ-10022","unisex","","","","","","","0.390 grm","","","","","","","",""
"4","CO6054","Cotton Flex Printed Co-ord Set","VASVI Women Cotton Flex Printed Co-ord Set","Yes","No","1499INR","https://vasvi.in/CO6054/cotton-flex-printed-co-ord-set-699961691ec52","https://vasvi.in/uploads/products/variant_4_68a70b4b88283.JPG","VASVI","Women","Women","99","1499INR","","JJ-10027","unisex","","","","","","","0.390 grm","","","","","","","",""
"5","CO6039","Cotton Flex Printed Co-ord Set","VASVI Women Cotton Flex Printed Co-ord Set","Yes","No","1349INR","https://vasvi.in/CO6039/cotton-flex-printed-co-ord-set-69996124326ea","https://vasvi.in/uploads/products/variant_31_68a710b5f1468.JPG","VASVI","Women","Women","100","1349INR","","JJ-10036","unisex","","","","","","","0.390 grm","","","","","","","",""
"6","CO6070","Cotton Flex Printed Co-ord Set","VASVI Women Cotton Flex Printed Co-ord Set","Yes","No","1449INR","https://vasvi.in/CO6070/cotton-flex-printed-co-ord-set-699960e8b22ec","https://vasvi.in/uploads/products/variant_4_68a714d85b26d.JPG","VASVI","Women","Women","100","1449INR","","JJ-10038","unisex","","","","","","","0.390 grm","","","","","","","",""
"7","CO6051","Cotton Flex Printed Co-ord Set","VASVI Women Cotton Flex Printed Co-ord Set","Yes","No","1399INR","https://vasvi.in/CO6051/cotton-flex-printed-co-ord-set-699960ac26686","https://vasvi.in/uploads/products/variant_11_68b1e0fd93fbb.jpg","VASVI","Women","Women","99","1399INR","","JJ-10040","unisex","","","","","","","0.390 grm","","","","","","","",""
"8","CO5964","Cotton Printed Co-ord Set","VASVI Women Cotton Printed Co-ord Set","Yes","No","999INR","https://vasvi.in/CO5964/cotton-printed-co-ord-set-6999605ba93ba","https://vasvi.in/uploads/products/variant_1_68a721a33186d.JPG","VASVI","Women","Women","100","999INR","","JJ-10041","unisex","","","","","","","0.290 grm","","","","","","","",""
"9","CSD6021","Cotton Printed Handwaork Kurta Pant With Dupatta Set","VASVI Women Cotton Printed Handwaork Kurta Pant With Dupatta Set","Yes","No","1999INR","https://vasvi.in/CSD6021/cotton-printed-handwaork-kurta-pant-with-dupatta-set-696df781d1771","https://vasvi.in/uploads/products/variant_32_68a81302c21e5.JPG","VASVI","Women","Women","100","1999INR","","JJ-10042","unisex","","","","","","","0.390 grm","","","","","","","",""
"10","CS5943","Cotton Printed Kurta Pant Set","VASVI Women Cotton Printed Kurta Pant Set","Yes","No","1399INR","https://vasvi.in/CS5943/cotton-printed-kurta-pant-set-696df9419f905","https://vasvi.in/uploads/products/variant_1_68b4317e59e62.jpg","VASVI","Women","Women","99","1399INR","","JJ-10043","unisex","","","","","","","0.390 grm","","","","","","","",""
"11","DR5944","Cotton Printed Dress","VASVI Women Cotton Printed Dress","Yes","No","899INR","https://vasvi.in/DR5944/cotton-printed-dress-69995fe976f8c","https://vasvi.in/uploads/products/variant_1_68b4321f912c9.jpg","VASVI","Women","Women","99","899INR","","JJ-10044","unisex","","","","","","","0.290 grm","","","","","","","",""
"12","DR5969","Cotton Printed Dress With Jacket","VASVI Women Cotton Printed Dress With Jacket","Yes","No","1499INR","https://vasvi.in/DR5969/cotton-printed-dress-with-jacket-69995fbd5dd2f","https://vasvi.in/uploads/products/variant_1_68b430e47c8f9.jpg","VASVI","Women","Women","99","1499INR","","JJ-10045","unisex","","","","","","","0.290 grm","","","","","","","",""
"13","DR5597","Cotton Printed Dress","VASVI Women Cotton Printed Dress","Yes","No","899INR","https://vasvi.in/DR5597/cotton-printed-dress-69995f8b87a17","https://vasvi.in/uploads/products/variant_1_68b1b2dbf131b.jpg","VASVI","Women","Women","100","899INR","","JJ-10046","unisex","","","","","","","0.290 grm","","","","","","","",""
"14","AK2430","Georgette Embrodered Angrakha with churidar set","VASVI Women Georgette Fabric Embrodered Angrakha with churidar set","Yes","No","3999INR","https://vasvi.in/AK2430/georgette-embrodered-angrakha-with-churidar-set-697337aac9c9b","https://vasvi.in/uploads/products/variant_3_68a9ae93972b6.jpg","VASVI","Women","Women","89877","3999INR","","JJ-10055","unisex","","","","","","","1300 grm","","","","","","","",""
"15","CSD5692","Cotton Printed Party Wear Kurta Pant With Dupatta Set","VASVI Women Cotton Printed Party Wear Kurta Pant With Dupatta Set","Yes","No","2699INR","https://vasvi.in/CSD5692/cotton-printed-party-wear-kurta-pant-with-dupatta-set-69a13ca5c9c9e","https://vasvi.in/uploads/products/variant_10_68a9cb4a41004.jpg","VASVI","Women","Women","99","2699INR","","JJ-10056","unisex","","","","","","","0.390 grm","","","","","","","",""
"16","CSD5772","Muslin Handwork Kurta Pant With Dupatta Set","VASVI Women Printed Regular Sequinned Kurta with Trousers & With Dupatta","Yes","No","2299INR","https://vasvi.in/CSD5772/muslin-handwork-kurta-pant-with-dupatta-set-696dfbb8562d0","https://vasvi.in/uploads/products/variant_34_68aace7ee5eda.jpg","VASVI","Women","Women","100","2299INR","","JJ-10057","unisex","","","","","","","0.390 grm","","","","","","","",""
"17","CSD5776","Muslin Handwork Kurta Pant With Dupatta Set","VASVI Women Printed Regular Sequinned Kurta with Trousers & With Dupatta","Yes","No","2299INR","https://vasvi.in/CSD5776/muslin-handwork-kurta-pant-with-dupatta-set-696dfcfa00a12","https://vasvi.in/uploads/products/variant_11_68aad3ff81092.jpg","VASVI","Women","Women","100","2299INR","","JJ-10058","unisex","","","","","","","0.390 grm","","","","","","","",""
"18","CSD5811","Jacquard fabric Adda work Straight Kurta With Trousers & Dupatta Set","VASVI Women's Embroidered Jacquard fabric Adda Work V- Neck Straight Kurta With Trousers & Dupatta Set","Yes","No","3999INR","https://vasvi.in/CSD5811/jacquard-fabric-adda-work-straight-kurta-with-trousers-dupatta-set-69a1306050085","https://vasvi.in/uploads/products/variant_35_68aad914cdbf4.jpg","VASVI","Women","Women","100","3999INR","","JJ-10059","unisex","","","","","","","0.390 grm","","","","","","","",""
"19","CSD5810","Jacquard Fabric Adda work With Round Neck Straight Kurta With Trousers & Dupatta Set","VASVI Women's Jacquard Fabric Adda work With Round Neck Straight Kurta With Trousers & Dupatta Set","Yes","No","3999INR","https://vasvi.in/CSD5810/jacquard-fabric-adda-work-with-round-neck-straight-kurta-with-trousers-dupatta-set-696dfdbce6752","https://vasvi.in/uploads/products/variant_34_68aadb1b310c2.jpg","VASVI","Women","Women","77","3999INR","","JJ-10060","unisex","","","","","","","0.390 grm","","","","","","","",""
"20","CSD5721","Crepe Embroidered Yoke Design Kurta, Pant With Dupatta Set","VASVi Women's  Crepe Embroidered Yoke Design Printed Kurta, Pant With Dupatta Set","Yes","No","3299INR","https://vasvi.in/CSD5721/crepe-embroidered-yoke-design-kurta-pant-with-dupatta-set-696dfe4e123ab","https://vasvi.in/uploads/products/variant_11_68aae25154436.jpg","VASVI","Women","Women","100","3299INR","","JJ-10061","unisex","","","","","","","0.390 grm","","","","","","","",""
"21","CSD5945","Kalamkari Printed Regular Pure Cotton Kurta with Trousers & With Dupatta","VASVI Women's Kalamkari Printed Regular Pure Cotton Kurta with Trousers & With Dupatta","Yes","No","1999INR","https://vasvi.in/CSD5945/kalamkari-printed-regular-pure-cotton-kurta-with-trousers-with-dupatta-696dfedcdac63","https://vasvi.in/uploads/products/variant_11_68aae43b8bb85.JPG","VASVI","Women","Women","10","1999INR","","JJ-10062","unisex","","","","","","","0.390 grm","","","","","","","",""
"22","CSD6022","Floral Printed Pure Cotton V-Neck Straight Kurta With Trousers & Dupatta","VASVI Women's Floral Printed Pure Cotton V-Neck Straight Kurta With Trousers & Dupatta","Yes","No","1999INR","https://vasvi.in/CSD6022/floral-printed-pure-cotton-v-neck-straight-kurta-with-trousers-dupatta-696dff48926fd","https://vasvi.in/uploads/products/variant_3_68aae9b0423a4.jpeg","VASVI","Women","Women","99","1999INR","","JJ-10063","unisex","","","","","","","0.390 grm","","","","","","","",""
"23","CSD6020","Ikkat Pure Cotton Mandarin Collar Straight Kurta With Trousers & Dupatta","VASVI Women's Ikkat Pure Cotton Mandarin Collar Straight Kurta With Trousers & Dupatta","Yes","No","1500INR","https://vasvi.in/CSD6020/ikkat-pure-cotton-mandarin-collar-straight-kurta-with-trousers-dupatta-696dffa685c0c","https://vasvi.in/uploads/products/variant_11_68aaecc49646b.jpg","VASVI","Women","Women","100","1500INR","","JJ-10064","unisex","","","","","","","0.390 grm","","","","","","","",""
"24","CSD5883","Floral Printed Regular Pure Cotton Kurta with Trousers & With Dupatta","VASVI Women's  Floral Printed Regular Pure Cotton LAce Work Kurta, Trousers & With Dupatta","Yes","No","1999INR","https://vasvi.in/CSD5883/floral-printed-regular-pure-cotton-kurta-with-trousers-with-dupatta-696dfff471b5c","https://vasvi.in/uploads/products/variant_15_68aae850de258.jpeg","VASVI","Women","Women","100","1999INR","","JJ-10065","unisex","","","","","","","0.390 grm","","","","","","","",""
"25","CSD5909","Ethnic Motifs Printed Cotton Kurta with Trousers & Dupatta","VASVI Women's  Ethnic Motifs Printed Cotton Embroidered Kurta with Trousers & Dupatta","Yes","No","1999INR","https://vasvi.in/CSD5909/ethnic-motifs-printed-cotton-kurta-with-trousers-dupatta-696e004fd3da4","https://vasvi.in/uploads/products/variant_1_68aaea8cc45ed.JPG","VASVI","Women","Women","100","1999INR","","JJ-10066","unisex","","","","","","","0.390 grm","","","","","","","",""
"26","CD5566","Pure Cotton Floral Printed Kurta, Trousers & With Dupatta","VASVI Women's Pure Cotton Floral Printed Kurta, Trousers & With Dupatta","Yes","No","1999INR","https://vasvi.in/CD5566/pure-cotton-floral-printed-kurta-trousers-with-dupatta-696e00a877064","https://vasvi.in/uploads/products/variant_18_68abf16cec783.jpg","VASVI","Women","Women","100","1999INR","","JJ-10067","unisex","","","","","","","0.290 grm","","","","","","","",""
"27","CSD5706","Modal Chanderi Mirror Work Straight Kurta,Trouser With Dupatta","VASVI Women's Modal Chanderi Mirror Work Straight Kurta,Trouser With Dupatta","Yes","No","1999INR","https://vasvi.in/CSD5706/modal-chanderi-mirror-work-straight-kurtatrouser-with-dupatta-696e010166310","https://vasvi.in/uploads/products/variant_4_68abf53354fe2.jpg","VASVI","Women","Women","100","1999INR","","JJ-10068","unisex","","","","","","","0.390 grm","","","","","","","",""
"28","CSD5769","Modal Chanderi Straight Kurta With Trousers And Dupatta","VASVI Women's Modal Chanderi Straight Kurta With Trousers And Dupatta","Yes","No","2499INR","https://vasvi.in/CSD5769/modal-chanderi-straight-kurta-with-trousers-and-dupatta-696e015806f57","https://vasvi.in/uploads/products/variant_11_68abf9bfa7240.jpg","VASVI","Women","Women","100","2499INR","","JJ-10069","unisex","","","","","","","0.350 grm","","","","","","","",""
"29","CSD5953","Cotton Floral Printed Handwork Straight Kurta, Pant With Dupatta Set","VASVi Women's Cotton Floral Printed Handwork Straight Kurta, Pant With Dupatta Set","Yes","No","2199INR","https://vasvi.in/CSD5953/cotton-floral-printed-handwork-straight-kurta-pant-with-dupatta-set-696e21de156b4","https://vasvi.in/uploads/products/variant_38_68abff887fc24.JPG","VASVI","Women","Women","100","2199INR","","JJ-10070","unisex","","","","","","","0.390 grm","","","","","","","",""
"30","CSD8501","Muslin Floral Printed Adda Work Kurta, Trousers With Dupatta","VASVI Women's Muslin Floral Printed Adda Work Kurta, Trousers With Dupatta","Yes","No","2499INR","https://vasvi.in/CSD8501/muslin-floral-printed-adda-work-kurta-trousers-with-dupatta-696e225f2cfee","https://vasvi.in/uploads/products/variant_11_68ac042794023.jpg","VASVI","Women","Women","100","2499INR","","JJ-10072","unisex","","","","","","","0.390 grm","","","","","","","",""
"31","CSD5694","Cotton Floral Printed Adda Work Straight Kurta ,TrouserWith Dupatta","VASVI Women's Cotton Floral Printed Adda Work Straight Kurta ,TrouserWith Dupatta","Yes","No","2699INR","https://vasvi.in/CSD5694/cotton-floral-printed-adda-work-straight-kurta-trouserwith-dupatta-696e22ab48c74","https://vasvi.in/uploads/products/variant_18_68ac061db5551.jpg","VASVI","Women","Women","100","2699INR","","JJ-10073","unisex","","","","","","","0.290 grm","","","","","","","",""
"32","CSD5699","Pure Cotton Floral Printed Adda Work Straight Kurta, Trouser With Dupatta","VASVI Women's Pure Cotton Floral Printed Adda Work Straight Kurta, Trouser With Dupatta","Yes","No","2699INR","https://vasvi.in/CSD5699/pure-cotton-floral-printed-adda-work-straight-kurta-trouser-with-dupatta-69a2920388642","https://vasvi.in/uploads/products/variant_40_68ac08c2d357e.jpg","VASVI","Women","Women","100","2699INR","","JJ-10074","unisex","","","","","","","0.390 grm","","","","","","","",""
"33","CSD5896","Pure Cotton Floral Printed Anarkali Kurta With Trousers & Dupatta","VASVI Women's Pure Cotton Floral Printed Anarkali Kurta With Trousers & Dupatta","Yes","No","2299INR","https://vasvi.in/CSD5896/pure-cotton-floral-printed-anarkali-kurta-with-trousers-dupatta-696e23889626d","https://vasvi.in/uploads/products/variant_1_68ac0ade0ea0a.JPG","VASVI","Women","Women","50","2299INR","","JJ-10075","unisex","","","","","","","0.390 grm","","","","","","","",""
"34","CSD5752","Rayon Slub Embroidered Printed Kurta, Pant With Dupatta Set","VASVI Women's Rayon Slub Embroidered Printed Kurta, Pant With Dupatta Set","Yes","No","2099INR","https://vasvi.in/CSD5752/rayon-slub-embroidered-printed-kurta-pant-with-dupatta-set-696ee9e3ecaeb","https://vasvi.in/uploads/products/variant_11_68ac0de027f8e.jpg","VASVI","Women","Women","50","2099INR","","JJ-10076","unisex","","","","","","","0.390 grm","","","","","","","",""
"35","CSD5767","Chinon Floral Printed Adda Work Kurta, Trousers & With Dupatta","VASVI Women's Chinon Floral Printed Adda Work Kurta, Trousers & With Dupatta","Yes","No","2499INR","https://vasvi.in/CSD5767/chinon-floral-printed-adda-work-kurta-trousers-with-dupatta-696eeaca23806","https://vasvi.in/uploads/products/variant_18_68ac1bda6d2ef.JPG","VASVI","Women","Women","100","2499INR","","JJ-10077","unisex","","","","","","","0.390 grm","","","","","","","",""
"36","CSD5764","Chinon Floral Printed Adda Work Kurta, Trousers With Dupatta","VASVI Women's Chinon Floral Printed Adda Work Kurta, Trousers With Dupatta","Yes","No","2499INR","https://vasvi.in/CSD5764/chinon-floral-printed-adda-work-kurta-trousers-with-dupatta-696eecaab7356","https://vasvi.in/uploads/products/variant_10_68ac1d2929adf.JPG","VASVI","Women","Women","100","2499INR","","JJ-10078","unisex","","","","","","","0.390 grm","","","","","","","",""
"37","AL5913","VASVI Women Floral Printed A-Line Cotton Kurta","VASVI Women Floral Printed A-Line Cotton Kurta","Yes","No","1199INR","https://vasvi.in/AL5913/vasvi-women-floral-printed-a-line-cotton-kurta-6971c9212e2ba","https://vasvi.in/uploads/products/variant_4_68ac2121ab86e.jpg","VASVI","Women","Women","46","1199INR","","JJ-10079","unisex","","","","","","","0.490 grm","","","","","","","",""
"38","CSD5433A","Tissue Fabric Floral Printed Adda Work Kurta ,Trousers With Dupatta","VASVI Women's Tissue Fabric Floral Printed Adda Work Kurta ,Trousers With Dupatta","Yes","No","2999INR","https://vasvi.in/CSD5433A/tissue-fabric-floral-printed-adda-work-kurta-trousers-with-dupatta-699fda76a6654","https://vasvi.in/uploads/products/variant_2_68ac1f3bb3b06.JPG","VASVI","Women","Women","","2999INR","","JJ-10080","unisex","","","","","","","0.390 grm","","","","","","","",""
"39","CSD5805","Muslin Floral Printed Adda Work Kurta, Trousers With Dupatta","VASVI Women's Muslin Floral Printed Adda Work Kurta, Trousers With Dupatta","Yes","No","2299INR","https://vasvi.in/CSD5805/muslin-floral-printed-adda-work-kurta-trousers-with-dupatta-696eee7c7f79d","https://vasvi.in/uploads/products/variant_28_68ac221471b70.JPG","VASVI","Women","Women","100","2299INR","","JJ-10081","unisex","","","","","","","0.390 grm","","","","","","","",""
"40","CSD5806","Muslin Printed Adda Work Kurta, Trousers With Dupatta","VASVI Women's  Muslin Printed Adda Work Kurta, Trousers With Dupatta","Yes","No","2499INR","https://vasvi.in/CSD5806/muslin-printed-adda-work-kurta-trousers-with-dupatta-696eef5c6bb4e","https://vasvi.in/uploads/products/variant_4_68ac23e4636f8.jpg","VASVI","Women","Women","100","2499INR","","JJ-10082","unisex","","","","","","","0.390 grm","","","","","","","",""
"41","CSD5398","Organza Fabric Printed Zari Work Straight Kurta, Trouser & Dupatta","VASVI Women's Organza Fabric Printed Zari Work Straight Kurta, Trouser & Dupatta","Yes","No","2999INR","https://vasvi.in/CSD5398/organza-fabric-printed-zari-work-straight-kurta-trouser-dupatta-696eefb751641","https://vasvi.in/uploads/products/variant_2_68ac2898e32e6.jpg","VASVI","Women","Women","100","2999INR","","JJ-10083","unisex","","","","","","","0.390 grm","","","","","","","",""
"42","AL5910","VASVI Floral Printed Thread Work Round Neck A-Line Kurta","Floral Printed Thread Work Round Neck A-Line Kurta","Yes","No","1199INR","https://vasvi.in/AL5910/vasvi-floral-printed-thread-work-round-neck-a-line-kurta-6971ca90541d3","https://vasvi.in/uploads/products/variant_30_68ac29c5bf639.jpg","VASVI","Women","Women","25","1199INR","","JJ-10084","unisex","","","","","","","250 grm","","","","","","","",""
"43","CSD2276","Chanderi Fabric Embroidered Mirror Work Kurta ,Trousers With Dupatta","VASVI Women's Chanderi Fabric Embroidered Mirror Work Kurta ,Trousers With Dupatta","Yes","No","3299INR","https://vasvi.in/CSD2276/chanderi-fabric-embroidered-mirror-work-kurta-trousers-with-dupatta-696ef033cd97f","https://vasvi.in/uploads/products/variant_42_68ac2cd178d61.jpg","VASVI","Women","Women","100","3299INR","","JJ-10087","unisex","","","","","","","0.390 grm","","","","","","","",""
"44","AL5961","VASVI Floral Printed Mandarin Collar Kantha Work A-Line Kurta","Floral Printed Mandarin Collar Kantha Work A-Line Kurta","Yes","No","999INR","https://vasvi.in/AL5961/vasvi-floral-printed-mandarin-collar-kantha-work-a-line-kurta-6971cc6f6e72a","https://vasvi.in/uploads/products/variant_11_68ac2d0e768f3.jpg","VASVI","Women","Women","48","999INR","","JJ-10088","unisex","","","","","","","250 grm","","","","","","","",""
"45","AL5917","VASVI Floral Printed Mandarin Collar Kantha Work A-Line Kurta","Floral Printed Mandarin Collar Kantha Work A-Line Kurta","Yes","No","999INR","https://vasvi.in/AL5917/vasvi-floral-printed-mandarin-collar-kantha-work-a-line-kurta-6971ce4bcbec7","https://vasvi.in/uploads/products/variant_11_68ac2fb8d326c.jpg","VASVI","Women","Women","50","999INR","","JJ-10089","unisex","","","","","","","250 grm","","","","","","","",""
"46","SK2485","Floral Printed Cotton Thread Work Notch Neck Straight Kurta","Floral Printed Cotton Thread Work Notch Neck Straight Kurta","Yes","No","999INR","https://vasvi.in/SK2485/floral-printed-cotton-thread-work-notch-neck-straight-kurta-6971dd2daad35","https://vasvi.in/uploads/products/variant_7_68ac37d614228.jpg","VASVI","Women","Women","50","999INR","","JJ-10092","unisex","","","","","","","250 grm","","","","","","","",""
"47","SK5859","Paisely Printed Mandarin Collar Kalamkari Cotton A-Line Kurta","Paisely Printed Mandarin Collar Kalamkari Cotton A-Line Kurta","Yes","No","999INR","https://vasvi.in/SK5859/paisely-printed-mandarin-collar-kalamkari-cotton-a-line-kurta-6996aff70240d","https://vasvi.in/uploads/products/variant_4_68ac3dc4146c1.jpg","VASVI","Women","Women","49","999INR","","JJ-10094","unisex","","","","","","","250 grm","","","","","","","",""
"48","AL5823","Floral Printed Mandarin Collar Straight Cotton Dobby Kurta","Floral Printed Mandarin Collar Straight Cotton Dobby Kurta","Yes","No","999INR","https://vasvi.in/AL5823/floral-printed-mandarin-collar-straight-cotton-dobby-kurta-6971d10c66c81","https://vasvi.in/uploads/products/variant_7_68ac414e863eb.jpg","VASVI","Women","Women","50","999INR","","JJ-10098","unisex","","","","","","","250 grm","","","","","","","",""
"49","SK4002","Ethnic Motifs Printed Tie-Up Neck Straight Kurta","Ethnic Motifs Printed Tie-Up Neck Straight Kurta","Yes","No","1125INR","https://vasvi.in/SK4002/ethnic-motifs-printed-tie-up-neck-straight-kurta-698745c99e4cc","https://vasvi.in/uploads/products/variant_11_68ac450cce5ac.jpg","VASVI","Women","Women","50","1125INR","","JJ-10101","unisex","","","","","","","250 grm","","","","","","","",""
"50","AL5568","Floral Printed Round Neck Cotton A-Line Kurta","Floral Printed Round Neck Cotton A-Line Kurta","Yes","No","899INR","https://vasvi.in/AL5568/floral-printed-round-neck-cotton-a-line-kurta-6971d1fe2457c","https://vasvi.in/uploads/products/variant_18_68ac45e4de136.jpg","VASVI","Women","Women","50","899INR","","JJ-10102","unisex","","","","","","","250 grm","","","","","","","",""
"51","TU5732","Floral Printed Notch Neck Cotton Straight Kurta","Floral Printed Notch Neck Cotton Straight Kurta","Yes","No","599INR","https://vasvi.in/TU5732/floral-printed-notch-neck-cotton-straight-kurta-6971d2f8aabd4","https://vasvi.in/uploads/products/variant_34_68ac4d0d6e996.jpg","VASVI","Women","Women","50","599INR","","JJ-10104","unisex","","","","","","","250 grm","","","","","","","",""
"52","SK5200","Ethnic Motifs Printed Tie-Up Neck Mirror Work Muslin Straight Kurta","Ethnic Motifs Printed Tie-Up Neck Mirror Work Muslin Straight Kurta","Yes","No","1899INR","https://vasvi.in/SK5200/ethnic-motifs-printed-tie-up-neck-mirror-work-muslin-straight-kurta-697329f22b5d1","https://vasvi.in/uploads/products/variant_28_68ac51bf3d713.jpg","VASVI","Women","Women","50","1899INR","","JJ-10107","unisex","","","","","","","250 grm","","","","","","","",""
"53","AL2408","Ikat Printed Mandarin Collar Cotton A-Line Kurta","Ikat Printed Mandarin Collar Cotton A-Line Kurta","Yes","No","1149INR","https://vasvi.in/AL2408/ikat-printed-mandarin-collar-cotton-a-line-kurta-69732a6d82711","https://vasvi.in/uploads/products/variant_18_68ac5332c81d0.jpg","VASVI","Women","Women","50","1149INR","","JJ-10108","unisex","","","","","","","250 grm","","","","","","","",""
"54","AL2222","Floral Printed Round Neck Thread Work Cotton Pleated A-Line Kurta","Floral Printed Round Neck Thread Work Cotton Pleated A-Line Kurta","Yes","No","1499INR","https://vasvi.in/AL2222/floral-printed-round-neck-thread-work-cotton-pleated-a-line-kurta-69732baa79cbd","https://vasvi.in/uploads/products/variant_3_68ac54f263f7d.jpg","VASVI","Women","Women","49","1499INR","","JJ-10109","unisex","","","","","","","250 grm","","","","","","","",""
"55","SK2351","Women's Cotton Dobby Embroidered Straight Kurta, Black","Women's Cotton Dobby Embroidered Straight Kurta, Black","Yes","No","1499INR","https://vasvi.in/SK2351/womens-cotton-dobby-embroidered-straight-kurta-black-69732c3221077","https://vasvi.in/uploads/products/variant_1_68ac55f06909d.jpg","VASVI","Women","Women","50","1499INR","","JJ-10110","unisex","","","","","","","250 grm","","","","","","","",""
"56","SK2161","Round Neck Yoke Design Thread Work Straight Kurta","Round Neck Yoke Design Thread Work Straight Kurta","Yes","No","1299INR","https://vasvi.in/SK2161/round-neck-yoke-design-thread-work-straight-kurta-69732c951e379","https://vasvi.in/uploads/products/variant_4_68ac5bd5ddb4b.jpg","VASVI","Women","Women","50","1299INR","","JJ-10111","unisex","","","","","","","250 grm","","","","","","","",""
"57","AL3008","Floral Printed Notch Neck Cotton A Line Kurta","Floral Printed Notch Neck Cotton A Line Kurta","Yes","No","1499INR","https://vasvi.in/AL3008/floral-printed-notch-neck-cotton-a-line-kurta-69732d3916231","https://vasvi.in/uploads/products/variant_3_68ac5d42a6a2b.jpg","VASVI","Women","Women","48","1499INR","","JJ-10112","unisex","","","","","","","250 grm","","","","","","","",""
"58","SK06951","Bandhani Printed Embroidered Regular Sleeves Sequinned Straight Kurta","Bandhani Printed Embroidered Regular Sleeves Sequinned Straight Kurta","Yes","Yes","1239INR","https://vasvi.in/SK06951/bandhani-printed-embroidered-regular-sleeves-sequinned-straight-kurta-69215454759e8","https://vasvi.in/uploads/settings/FEB2026/1770814794-settings.png","VASVI","Factory Outlet","Factory Outlet","50","1239INR","","JJ-10113","unisex","","","","","","","250 grm","","","","","","","",""
"59","SK5096","Bandhani Printed Puff Sleeves Mandarin Collar Straight Kurta","Bandhani Printed Puff Sleeves Mandarin Collar Straight Kurta","Yes","No","899INR","https://vasvi.in/SK5096/bandhani-printed-puff-sleeves-mandarin-collar-straight-kurta-69732d9a05198","https://vasvi.in/uploads/products/variant_29_68ac5fe4157d9.jpg","VASVI","Women","Women","50","899INR","","JJ-10114","unisex","","","","","","","250 grm","","","","","","","",""
"60","SK2335","Geometric Woven Design Mandarin Collar Cotton Straight Kurta","Geometric Woven Design Mandarin Collar Cotton Straight Kurta","Yes","Yes","1149INR","https://vasvi.in/SK2335/geometric-woven-design-mandarin-collar-cotton-straight-kurta-6921541870510","https://vasvi.in/uploads/settings/FEB2026/1770814794-settings.png","VASVI","Factory Outlet","Factory Outlet","50","1149INR","","JJ-10116","unisex","","","","","","","","","","","","","","",""
"61","SK2338-1","Mandarin Collar Thread Work Cotton Straight Kurta","Mandarin Collar Thread Work Cotton Straight Kurta","Yes","No","899INR","https://vasvi.in/SK2338-1/mandarin-collar-thread-work-cotton-straight-kurta-69732df393d15","https://vasvi.in/uploads/products/variant_11_68ac65bc40d0b.jpg","VASVI","Women","Women","50","899INR","","JJ-10117","unisex","","","","","","","250 grm","","","","","","","",""
"62","SK2409","Cotton Floral Yoke Design Flared Sleeves Kurta","Cotton Floral Yoke Design Flared Sleeves Kurta","Yes","No","1399INR","https://vasvi.in/SK2409/cotton-floral-yoke-design-flared-sleeves-kurta-69732e6bda576","https://vasvi.in/uploads/products/variant_18_68ac67796d55e.jpg","VASVI","Women","Women","49","1399INR","","JJ-10118","unisex","","","","","","","250 grm","","","","","","","",""
"63","SK2438","Ethnic Motifs Printed Mandarin Collar Cotton Straight Kurta","Ethnic Motifs Printed Mandarin Collar Cotton Straight Kurta","Yes","No","899INR","https://vasvi.in/SK2438/ethnic-motifs-printed-mandarin-collar-cotton-straight-kurta-69ae6b053a266","https://vasvi.in/uploads/products/variant_11_68ac686ce40b1.jpg","VASVI","Women","Women","44","899INR","","JJ-10119","unisex","","","","","","","250 grm","","","","","","","",""
"64","SK2056","Floral Printed Cotton Straight Kurta","Floral Printed Cotton Straight Kurta","Yes","No","999INR","https://vasvi.in/SK2056/floral-printed-cotton-straight-kurta-69732f302bbcc","https://vasvi.in/uploads/products/variant_49_68ac6a1b050a6.jpg","VASVI","Women","Women","50","999INR","","JJ-10121","unisex","","","","","","","250 grm","","","","","","","",""
"65","AL2263","Cotton Floral Printed A-line Kurta","Floral Printed Kurta","Yes","No","1299INR","https://vasvi.in/AL2263/cotton-floral-printed-a-line-kurta-69732fc982335","https://vasvi.in/uploads/products/variant_50_68ad43c44d00d.jpg","VASVI","Women","Women","47","1299INR","","JJ-10122","unisex","","","","","","","250 grm","","","","","","","",""
"66","SK2340","Rayon Floral Printed Straight Kurta, Green","Rayon Floral Printed Straight Kurta, Green","Yes","No","1499INR","https://vasvi.in/SK2340/rayon-floral-printed-straight-kurta-green-69733021e09b6","https://vasvi.in/uploads/products/variant_4_68ad44f04e993.jpg","VASVI","Women","Women","50","1499INR","","JJ-10123","unisex","","","","","","","250 grm","","","","","","","",""
"67","SK2386","Women Ethnic Motifs Printed Keyhole Neck Chanderi Silk Kurta","Women Ethnic Motifs Printed Keyhole Neck Chanderi Silk Kurta","Yes","No","1699INR","https://vasvi.in/SK2386/women-ethnic-motifs-printed-keyhole-neck-chanderi-silk-kurta-697330724a011","https://vasvi.in/uploads/products/variant_28_68ad463213237.jpg","VASVI","Women","Women","50","1699INR","","JJ-10124","unisex","","","","","","","250 grm","","","","","","","",""
"68","SK2919","Ethnic Motifs Printed Mirror Work Cotton Straight Kurta","Ethnic Motifs Printed Mirror Work Cotton Straight Kurta","Yes","No","999INR","https://vasvi.in/SK2919/ethnic-motifs-printed-mirror-work-cotton-straight-kurta-69733343f2c79","https://vasvi.in/uploads/products/variant_18_68ad4904c4205.jpg","VASVI","Women","Women","49","999INR","","JJ-10126","unisex","","","","","","","250 grm","","","","","","","",""
"69","SK5042","Striped Mirror Work Detailed Chanderi Silk Straight Kurta","Striped Mirror Work Detailed Chanderi Silk Straight Kurta","Yes","No","1649INR","https://vasvi.in/SK5042/striped-mirror-work-detailed-chanderi-silk-straight-kurta-697334e297926","https://vasvi.in/uploads/products/variant_1_68ad49d3254b7.jpg","VASVI","Women","Women","50","1649INR","","JJ-10127","unisex","","","","","","","250 grm","","","","","","","",""
"70","SK2402","Rayon Floral Embroidered Sequined Straight Kurta","Rayon Floral Embroidered Sequined Straight Kurta","Yes","No","1449INR","https://vasvi.in/SK2402/rayon-floral-embroidered-sequined-straight-kurta-697335f63d70c","https://vasvi.in/uploads/products/variant_2_68ad4d146dd18.jpg","VASVI","Women","Women","50","1449INR","","JJ-10128","unisex","","","","","","","250 grm","","","","","","","",""
"71","SK2416","Floral Printed Cotton Straight Kurta, White","Floral Printed Cotton Straight Kurta","Yes","No","999INR","https://vasvi.in/SK2416/floral-printed-cotton-straight-kurta-white-69733713de29b","https://vasvi.in/uploads/products/variant_3_68ad5351e778e.jpg","VASVI","Women","Women","46","999INR","","JJ-10129","unisex","","","","","","","250 Gram grm","","","","","","","",""
"72","CSD5202","Roman Silk Printed Round Neck  Straight Kurta, Pant With Dupatta","VASVI Women Roman Silk Printed Round Neck  Straight Kurta, Pant With Dupatta","Yes","No","2199INR","https://vasvi.in/CSD5202/roman-silk-printed-round-neck-straight-kurta-pant-with-dupatta-696ef132a43b4","https://vasvi.in/uploads/products/variant_40_68ad6e9003f64.JPG","VASVI","Women","Women","100","2199INR","","JJ-10130","unisex","","","","","","","0.390 grm","","","","","","","",""
"73","CSD5918","Cotton Printed Straight Kurta, Pant With Dupatta","VASVI Women's Cotton Printed Straight Kurta, Pant With Dupatta","Yes","No","1999INR","https://vasvi.in/CSD5918/cotton-printed-straight-kurta-pant-with-dupatta-696ef554bb91e","https://vasvi.in/uploads/products/variant_4_68b579739236d.jpg","VASVI","Women","Women","100","1999INR","","JJ-10132","unisex","","","","","","","0.390 grm","","","","","","","",""
"74","TP5138","Cotton Printed V Neck Top","VASVI Women's Cotton Printed V Neck Top","Yes","No","599INR","https://vasvi.in/TP5138/cotton-printed-v-neck-top-69a131b53a8fc","https://vasvi.in/uploads/products/variant_52_68ad92adc1110.JPG","VASVI","Women","Women","99","599INR","","JJ-10136","unisex","","","","","","","0.250 grm","","","","","","","",""
"75","TP2225","Cotton Printed V-Neck Sleeveless Top","VASVI Women's Cotton Printed V-Neck Sleeveless Top","Yes","No","799INR","https://vasvi.in/TP2225/cotton-printed-v-neck-sleeveless-top-697467b6ed1fd","https://vasvi.in/uploads/products/variant_3_68b1df76cd397.jpg","VASVI","Women","Women","99","799INR","","JJ-10137","unisex","","","","","","","0.250 grm","","","","","","","",""
"76","TP5817","Cotton Printed Mandarin Collar Short Top","VASVI Women Cotton Printed Mandarin Collar Short Top","Yes","No","599INR","https://vasvi.in/TP5817/cotton-printed-mandarin-collar-short-top-697468323da72","https://vasvi.in/uploads/products/variant_3_68ad99efed47f.jpg","VASVI","Women","Women","99","599INR","","JJ-10138","unisex","","","","","","","0.250 grm","","","","","","","",""
"77","DR6015","Cotton Floral Print Maxi Dress","Floral Print Maxi Dress","Yes","No","899INR","https://vasvi.in/DR6015/cotton-floral-print-maxi-dress-69995f19bd3e3","https://vasvi.in/uploads/products/variant_3_68b1a23a56b96.jpg","VASVI","Women","Women","50","899INR","","JJ-10142","unisex","","","","","","","250 grm","","","","","","","",""
"78","DR5925","Rayon Women Ethnic Motifs Printed Tiered Fit & Flare Midi Dress","Rayon Women Ethnic Motifs Printed Tiered Fit & Flare Midi Dress","Yes","No","999INR","https://vasvi.in/DR5925/rayon-women-ethnic-motifs-printed-tiered-fit-flare-midi-dress-69747fe385dad","https://vasvi.in/uploads/products/variant_10_68b1a4dc069fa.jpg","VASVI","Women","Women","49","999INR","","JJ-10143","unisex","","","","","","","250 grm","","","","","","","",""
"79","DR5822","Rayon Floral Embroidered A-Line Midi Dress","Women Rayon Floral Embroidered A-Line Midi Dress","Yes","Yes","1499INR","https://vasvi.in/DR5822/rayon-floral-embroidered-a-line-midi-dress-69214722e51dd","https://vasvi.in/uploads/settings/FEB2026/1770814794-settings.png","VASVI","Factory Outlet","Factory Outlet","50","1499INR","","JJ-10146","unisex","","","","","","","250 grm","","","","","","","",""
"80","DR5361","Cotton Floral Print A-Line Dress","VASVI Floral Print A-Line Dress","Yes","No","1249INR","https://vasvi.in/DR5361/cotton-floral-print-a-line-dress-69747f325228a","https://vasvi.in/uploads/products/variant_54_68b1b42ea00a3.jpg","VASVI","Women","Women","48","1249INR","","JJ-10147","unisex","","","","","","","250 grm","","","","","","","",""
"81","DR5058","Muslin Printed Fit & Flare Maxi Ethnic Dresses","VASVI Muslin Printed Fit & Flare Maxi Ethnic Dress","Yes","No","1499INR","https://vasvi.in/DR5058/muslin-printed-fit-flare-maxi-ethnic-dresses-69747eceb3c44","https://vasvi.in/uploads/products/variant_43_68b1b53573f52.jpg","VASVI","Women","Women","50","1499INR","","JJ-10148","unisex","","","","","","","250 ","","","","","","","",""
"82","DR3065","Muslin Embroidered Flared Midi Ethnic Dress","VASVI Muslin Embroidered Flared Midi Ethnic Dress","Yes","No","1499INR","https://vasvi.in/DR3065/muslin-embroidered-flared-midi-ethnic-dress-69747e3ad1ab1","https://vasvi.in/uploads/products/variant_28_68b1b62791304.jpg","VASVI","Women","Women","50","1499INR","","JJ-10149","unisex","","","","","","","250 grm","","","","","","","",""
"83","DR2918","Georgette Embroidered Fit & Flare Maxi Ethnic Dress","Georgette Embroidered Fit & Flare Maxi Ethnic Dress","Yes","No","3699INR","https://vasvi.in/DR2918/georgette-embroidered-fit-flare-maxi-ethnic-dress-69747dd6bce35","https://vasvi.in/uploads/products/variant_28_68b1b85032aa7.jpg","VASVI","Women","Women","50","3699INR","","JJ-10151","unisex","","","","","","","250 grm","","","","","","","",""
"84","DR2917","Chiffon Embroidered Adda Work Printed Flared Maxi Ethnic Dress","Chiffon Embroidered Adda Work Printed Flared Maxi Ethnic Dress","Yes","No","3999INR","https://vasvi.in/DR2917/chiffon-embroidered-adda-work-printed-flared-maxi-ethnic-dress-69747d7195df8","https://vasvi.in/uploads/products/variant_55_68b1b9c8247a9.jpg","VASVI","Women","Women","50","3999INR","","JJ-10153","unisex","","","","","","","250 grm","","","","","","","",""
"85","DR2891","Cotton Ethnic Motifs Print Fit and Flare Midi Dress","Cotton Ethnic Motifs Print Fit and Flare Midi Dress","Yes","No","1199INR","https://vasvi.in/DR2891/cotton-ethnic-motifs-print-fit-and-flare-midi-dress-69747d0f2e686","https://vasvi.in/uploads/products/variant_3_68b1bb1853657.jpg","VASVI","Women","Women","50","1199INR","","JJ-10154","unisex","","","","","","","250 grm","","","","","","","",""
"86","DR2476","Malmal Printed Fit & Flare Ethnic Dress","VASVI Malmal Printed Fit & Flare Ethnic Dress","Yes","No","1999INR","https://vasvi.in/DR2476/malmal-printed-fit-flare-ethnic-dress-69747c980e83e","https://vasvi.in/uploads/products/variant_3_68b1bc93a7903.jpg","VASVI","Women","Women","50","1999INR","","JJ-10155","unisex","","","","","","","250 grm","","","","","","","",""
"87","DR2427","Floral Printed V-Neck Bell Sleeves Tiered Detail Cotton Fit and Flare Dress","Floral Printed V-Neck Bell Sleeves Tiered Detail Cotton Fit and Flare Dress","Yes","No","1399INR","https://vasvi.in/DR2427/floral-printed-v-neck-bell-sleeves-tiered-detail-cotton-fit-and-flare-dress-69747bb518687","https://vasvi.in/uploads/products/variant_3_68b1be6ab2197.jpg","VASVI","Women","Women","50","1399INR","","JJ-10157","unisex","","","","","","","250 grm","","","","","","","",""
"88","DR2418","Floral Printed Gathered Thread Work Cotton Cambric Fit & Flare Midi Ethnic Dress","Floral Printed Gathered Thread Work Cotton Cambric Fit & Flare Midi Ethnic Dress","Yes","No","1482INR","https://vasvi.in/DR2418/floral-printed-gathered-thread-work-cotton-cambric-fit-flare-midi-ethnic-dress-69747b68024d9","https://vasvi.in/uploads/products/variant_52_68b1bf3d7642e.jpg","VASVI","Women","Women","50","1482INR","","JJ-10158","unisex","","","","","","","250 grm","","","","","","","",""
"89","DR2413","Orgenza Printed Maxi Gown With Embellished Belt","Orgenza Printed Maxi Gown With Embellished Belt","Yes","No","2699INR","https://vasvi.in/DR2413/orgenza-printed-maxi-gown-with-embellished-belt-69747b13463c0","https://vasvi.in/uploads/products/variant_18_68b1c04e87d6e.jpg","VASVI","Women","Women","50","2699INR","","JJ-10159","unisex","","","","","","","250 grm","","","","","","","",""
"90","DR2407","Floral Printed V-Neck Bell Sleeves Tiered Detail Cotton Fit and Flare Dress","Floral Printed V-Neck Bell Sleeves Tiered Detail Cotton Fit and Flare Dress","Yes","No","1399INR","https://vasvi.in/DR2407/floral-printed-v-neck-bell-sleeves-tiered-detail-cotton-fit-and-flare-dress-69747aa903434","https://vasvi.in/uploads/products/variant_4_68b1c0ef7fc0d.jpg","VASVI","Women","Women","50","1399INR","","JJ-10160","unisex","","","","","","","250 grm","","","","","","","",""
"91","DR2371","Floral Printed Gathered Cotton Fit & Flare Midi Dress","Floral Printed Gathered Cotton Fit & Flare Midi Dress","Yes","Yes","1449INR","https://vasvi.in/DR2371/floral-printed-gathered-cotton-fit-flare-midi-dress-6921b4eadf7d1","https://vasvi.in/uploads/settings/FEB2026/1770814794-settings.png","VASVI","Factory Outlet","Factory Outlet","50","1449INR","","JJ-10161","unisex","","","","","","","250 grm","","","","","","","",""
"92","DR2350","Rayon Printed & Embroidered Fit & Flare Ethnic Dress","Rayon Printed & Embroidered Fit & Flare Ethnic Dress","Yes","No","2499INR","https://vasvi.in/DR2350/rayon-printed-embroidered-fit-flare-ethnic-dress-698ac15516f82","https://vasvi.in/uploads/products/variant_18_68b1c43f760b9.jpg","VASVI","Women","Women","49","2499INR","","JJ-10162","unisex","","","","","","","250 grm","","","","","","","",""
"93","DR2323","Cotton Printed Flared Midi Ethnic Dress","VASVI Printed Cotton Flared Midi Ethnic Dress","Yes","No","2649INR","https://vasvi.in/DR2323/cotton-printed-flared-midi-ethnic-dress-68b1c8a45af61","https://vasvi.in/uploads/settings/FEB2026/1770814794-settings.png","VASVI","Women","Women","50","2649INR","","JJ-10164","unisex","","","","","","","250 grm","","","","","","","",""
"94","DR2287","Crepe Printed Fit & Flared Maxi Ethnic Dress","Crepe Printed Fit & Flared Maxi Ethnic Dress","Yes","No","1249INR","https://vasvi.in/DR2287/crepe-printed-fit-flared-maxi-ethnic-dress-692146d51e083","https://vasvi.in/uploads/products/variant_40_68b1cb9612532.jpg","VASVI","Factory Outlet","Factory Outlet","50","1249INR","","JJ-10166","unisex","","","","","","","250 grm","","","","","","","",""
"95","DR2286","Lurex Ethnic Motifs Print Puff Sleeve A-Line Midi Dress","Lurex Ethnic Motifs Print Puff Sleeve A-Line Midi Dress","Yes","No","1289INR","https://vasvi.in/DR2286/lurex-ethnic-motifs-print-puff-sleeve-a-line-midi-dress-6921465fb48e8","https://vasvi.in/uploads/settings/FEB2026/1770814794-settings.png","VASVI","Factory Outlet","Factory Outlet","50","1289INR","","JJ-10167","unisex","","","","","","","250 grm","","","","","","","",""
"96","DR2183","Orgenza Floral Printed Fit and Flare Midi Dress","VASVI Women Floral Printed Fit and Flare Midi Dress","Yes","No","1999INR","https://vasvi.in/DR2183/orgenza-floral-printed-fit-and-flare-midi-dress-697479cabd72b","https://vasvi.in/uploads/products/variant_4_68b1cdc0e4caf.jpg","VASVI","Women","Women","49","1999INR","","JJ-10168","unisex","","","","","","","250 grm","","","","","","","",""
"97","DR1926","Cotton Ethnic Motifs Print A-Line Midi Dress","Poly Satin Ethnic Motifs Print A-Line Midi Dress","Yes","Yes","1699INR","https://vasvi.in/DR1926/cotton-ethnic-motifs-print-a-line-midi-dress-6921b467aabe4","https://vasvi.in/uploads/settings/FEB2026/1770814794-settings.png","VASVI","Factory Outlet","Factory Outlet","50","1699INR","","JJ-10171","unisex","","","","","","","250 grm","","","","","","","",""
"98","DR06751","Ikkat Embroidered Maxi Ethnic Dress","Ikkat Embroidered Maxi Ethnic Dress","Yes","No","1439INR","https://vasvi.in/DR06751/ikkat-embroidered-maxi-ethnic-dress-69215b6be349e","https://vasvi.in/uploads/settings/FEB2026/1770814794-settings.png","VASVI","Factory Outlet","Factory Outlet","50","1439INR","","JJ-10174","unisex","","","","","","","250 grm","","","","","","","",""
"99","DR06651","Ikkat Embroidered Maxi Ethnic Dress","Ikkat Embroidered Maxi Ethnic Dress","Yes","Yes","1829INR","https://vasvi.in/DR06651/ikkat-embroidered-maxi-ethnic-dress-69215b4ddc3a3","https://vasvi.in/uploads/settings/FEB2026/1770814794-settings.png","VASVI","Factory Outlet","Factory Outlet","50","1829INR","","JJ-10175","unisex","","","","","","","250 grm","","","","","","","",""
"100","MS3047","Men Classic Spread Collar Floral Printed Cotton Slim Fit Casual Shirt","Men Classic Spread Collar Floral Printed Cotton Slim Fit Casual Shirt","Yes","No","999INR","https://vasvi.in/MS3047/men-classic-spread-collar-floral-printed-cotton-slim-fit-casual-shirt-699d770d9d197","https://vasvi.in/uploads/products/variant_3_68b1d8e6df6c0.jpg","VASVI","Mens","Mens","-41374","999INR","","JJ-10178","unisex","","","","","","","250 grm","","","","","","","",""
"101","MS5560Black","Men Classic Spread Collar Floral Printed Cotton Slim Fit Casual Shirt","Men Classic Spread Collar Floral Printed Cotton Slim Fit Casual Shirt","Yes","No","799INR","https://vasvi.in/MS5560Black/men-classic-spread-collar-floral-printed-cotton-slim-fit-casual-shirt-699950c7a9709","https://vasvi.in/uploads/products/variant_1_68b1daf0eaeeb.jpg","VASVI","Mens","Mens","48","799INR","","JJ-10179","unisex","","","","","","","250 grm","","","","","","","",""
"102","CO6002","Cotton Printed Halter Neck Sleeveless Tunic With Palazzos Co-Ords","Cotton Printed Halter Neck Sleeveless Tunic With Palazzos Co-Ords","Yes","No","1245INR","https://vasvi.in/CO6002/cotton-printed-halter-neck-sleeveless-tunic-with-palazzos-co-ords-69995eb86bd22","https://vasvi.in/uploads/products/variant_11_68b8411dd1043.jpg","VASVI","Women","Women","49","1245INR","","JJ-10196","unisex","","","","","","","250 grm","","","","","","","",""
"103","CO6052","Cotton Floral Printed Collared Neck Top with Palazzo Co-Ords","Cotton Floral Printed Collared Neck Top with Palazzo Co-Ords","Yes","Yes","1399INR","https://vasvi.in/CO6052/cotton-floral-printed-collared-neck-top-with-palazzo-co-ords-6901bcd8ba62f","https://vasvi.in/uploads/products/variant_35_68b842327ccf7.jpg","VASVI","Women","Women","43","1399INR","","JJ-10197","unisex","","","","","","","250 grm","","","","","","","",""
"104","BG001","Baby Girl Cotton Party Wear Lahnga Choli","VASVI Baby Girl's Cotton Party Wear Lahnga Choli","Yes","No","1899INR","https://vasvi.in/BG001/baby-girl-cotton-party-wear-lahnga-choli-69a522d903d72","https://vasvi.in/uploads/products/variant_10_69a522d918f01.png","VASVI","Kids","Kids","100","1899INR","","JJ-10210","unisex","","","","","","","0.390 grm","","","","","","","",""
"105","BB001","Baby Boy Cotton Kurta Payjama With Jacket Set","VASVI Baby Boy Cotton Kurta Payjama With Jacket Set","Yes","No","1999INR","https://vasvi.in/BB001/baby-boy-cotton-kurta-payjama-with-jacket-set-69a97b0c07940","https://vasvi.in/uploads/products/variant_15_69a97b0c19cf5.png","VASVI","Kids","Kids","99","1999INR","","JJ-10211","unisex","","","","","","","0.490 grm","","","","","","","",""
"106","BB002","Baby Boy Cotton Kurta Payjama With Jacket Set","VASVI Baby Boy Cotton Kurta Payjama With Jacket Set","Yes","No","1999INR","https://vasvi.in/BB002/baby-boy-cotton-kurta-payjama-with-jacket-set-69aa8a2785f7b","https://vasvi.in/uploads/products/variant_4_69aa8826399d4.png","VASVI","Kids","Kids","100","1999INR","","JJ-10212","unisex","","","","","","","0.490 grm","","","","","","","",""
"107","BB003","Baby Boy Cotton Kurta Payjama With Jacket Set","VASVI Baby Boy Cotton Kurta Payjama With Jacket Set","Yes","No","1999INR","https://vasvi.in/BB003/baby-boy-cotton-kurta-payjama-with-jacket-set-69aa8957077d2","https://vasvi.in/uploads/products/variant_43_69aa893296d10.png","VASVI","Kids","Kids","100","1999INR","","JJ-10213","unisex","","","","","","","0.490 grm","","","","","","","",""
"108","BB004","Baby Boy Cotton Kurta Payjama With Jacket Set","VASVI Baby Boy Cotton Kurta Payjama With Jacket Set","Yes","No","1999INR","https://vasvi.in/BB004/baby-boy-cotton-kurta-payjama-with-jacket-set-69aa89a028eda","https://vasvi.in/uploads/products/variant_11_69aa89a038c46.png","VASVI","Kids","Kids","99","1999INR","","JJ-10214","unisex","","","","","","","0.490 grm","","","","","","","",""
"109","BB005","Baby Boy Cotton Kurta Payjama With Jacket Set","VASVI Baby Boy Cotton Kurta Payjama With Jacket Set","Yes","No","1999INR","https://vasvi.in/BB005/baby-boy-cotton-kurta-payjama-with-jacket-set-69aa89e1a4971","https://vasvi.in/uploads/products/variant_15_69aa89e1b4dae.png","VASVI","Kids","Kids","100","1999INR","","JJ-10215","unisex","","","","","","","0.490 grm","","","","","","","",""
"110","BG002","Baby Girl Cotton Party Wear Lahnga Choli","VASVI Baby Girl's Cotton Party Wear Lahnga Choli","Yes","No","1899INR","https://vasvi.in/BG002/baby-girl-cotton-party-wear-lahnga-choli-69a51c06bde89","https://vasvi.in/uploads/products/variant_15_69a51c06c7c74.png","VASVI","Kids","Kids","100","1899INR","","JJ-10216","unisex","","","","","","","0.490 grm","","","","","","","",""
"111","BG003","Girls Floral Printed Regular Kurta with Trouser","VASVI Girls Floral Printed Regular Kurta with Trouser","Yes","No","1899INR","https://vasvi.in/BG003/girls-floral-printed-regular-kurta-with-trouser-69a51f3d57782","https://vasvi.in/uploads/products/variant_15_69a51f3d660cb.png","VASVI","Kids","Kids","100","1899INR","","JJ-10217","unisex","","","","","","","0.490 grm","","","","","","","",""
"112","BG004","Girls Floral Printed Regular Kurta with Sharara Set","VASVI Girls Floral Printed Regular Kurta with Sharara Set","Yes","No","1999INR","https://vasvi.in/BG004/girls-floral-printed-regular-kurta-with-sharara-set-69a6ae73e5d65","https://vasvi.in/uploads/products/variant_2_69a6ae74023db.png","VASVI","Kids","Kids","100","1999INR","","JJ-10218","unisex","","","","","","","0.490 grm","","","","","","","",""
"113","TR1314Black","Women Relaxed Mid Rise Cotton Trousers","Women Relaxed Mid Rise Cotton Easy Wash Joggers Trousers","Yes","No","899INR","https://vasvi.in/TR1314Black/women-relaxed-mid-rise-cotton-trousers-699955af0aec0","https://vasvi.in/uploads/products/variant_1_68e0fa0eda48e.JPG","VASVI","Women","Women","100","899INR","","JJ-10219","unisex","","","","","","","250 grm","","","","","","","",""
"114","TR1314White","Women Relaxed Mid Rise Cotton Trousers","Women Relaxed Mid Rise Cotton Easy Wash Joggers Trousers","Yes","No","899INR","https://vasvi.in/TR1314White/women-relaxed-mid-rise-cotton-trousers-699954f23cd8f","https://vasvi.in/uploads/products/variant_3_68e0fc552d432.JPG","VASVI","Women","Women","100","899INR","","JJ-10220","unisex","","","","","","","250 grm","","","","","","","",""
"115","TR1314Green","Women Relaxed Mid Rise Cotton Trousers","Women Relaxed Mid Rise Cotton Easy Wash Joggers Trousers","Yes","No","899INR","https://vasvi.in/TR1314Green/women-relaxed-mid-rise-cotton-trousers-699954c330eb7","https://vasvi.in/uploads/products/variant_4_68e0fd23ece5b.JPG","VASVI","Women","Women","98","899INR","","JJ-10221","unisex","","","","","","","250 grm","","","","","","","",""
"116","TR1314Red","Women Relaxed Mid Rise Cotton Trousers","Women Relaxed Mid Rise Cotton Easy Wash Joggers Trousers","Yes","No","899INR","https://vasvi.in/TR1314Red/women-relaxed-mid-rise-cotton-trousers-69995490b46b5","https://vasvi.in/uploads/products/variant_10_68e0fde7e72b6.JPG","VASVI","Women","Women","100","899INR","","JJ-10222","unisex","","","","","","","250 grm","","","","","","","",""
"117","TR1314Blue","Women Relaxed Mid Rise Cotton Trousers","Women Relaxed Mid Rise Cotton Easy Wash Joggers Trousers","Yes","No","899INR","https://vasvi.in/TR1314Blue/women-relaxed-mid-rise-cotton-trousers-6999545254c44","https://vasvi.in/uploads/products/variant_11_68e0fe6393f40.JPG","VASVI","Women","Women","100","899INR","","JJ-10223","unisex","","","","","","","250 grm","","","","","","","",""
"118","TR1314Navy Blue","Women Relaxed Mid Rise Cotton Trousers","Women Relaxed Mid Rise Cotton Easy Wash Joggers Trousers","Yes","No","899INR","https://vasvi.in/TR1314Navy Blue/women-relaxed-mid-rise-cotton-trousers-699954150836a","https://vasvi.in/uploads/products/variant_17_68e0ff52be83a.JPG","VASVI","Women","Women","100","899INR","","JJ-10224","unisex","","","","","","","250 grm","","","","","","","",""
"119","TR1314Grey","Women Relaxed Mid Rise Cotton Trousers","Women Relaxed Mid Rise Cotton Easy Wash Joggers Trousers","Yes","No","899INR","https://vasvi.in/TR1314Grey/women-relaxed-mid-rise-cotton-trousers-68e39378afa6a","https://vasvi.in/uploads/products/variant_12_68e0ffdb9b432.JPG","VASVI","Women","Women","100","899INR","","JJ-10225","unisex","","","","","","","250 grm","","","","","","","",""
"120","TR1314Mustard","Women Relaxed Mid Rise Cotton Trousers","Women Relaxed Mid Rise Cotton Easy Wash Joggers Trousers","Yes","No","899INR","https://vasvi.in/TR1314Mustard/women-relaxed-mid-rise-cotton-trousers-6992f1cb42991","https://vasvi.in/uploads/products/variant_15_68e100755ea96.JPG","VASVI","Women","Women","99","899INR","","JJ-10226","unisex","","","","","","","250 grm","","","","","","","",""
"121","PZ5043Black","Rayon Solid Straight Ankle Length Palazzo","Rayon Solid Straight Ankle Length Palazzo","Yes","No","649INR","https://vasvi.in/PZ5043Black/rayon-solid-straight-ankle-length-palazzo-699c4e919e17a","https://vasvi.in/uploads/products/variant_1_699c4e91a7b97.jpeg","VASVI","Women","Women","100","649INR","","JJ-10227","unisex","","","","","","","250 grm","","","","","","","",""
"122","PZ5043White","Rayon Solid Straight Ankle Length Palazzo","Rayon Solid Straight Ankle Length Palazzo","Yes","No","649INR","https://vasvi.in/PZ5043White/rayon-solid-straight-ankle-length-palazzo-699952a3f2933","https://vasvi.in/uploads/products/variant_3_68e38ccfa563e.jpg","VASVI","Women","Women","100","649INR","","JJ-10228","unisex","","","","","","","250 grm","","","","","","","",""
"123","PZ5043Red","Rayon Solid Straight Ankle Length Palazzo","Rayon Solid Straight Ankle Length Palazzo","Yes","No","649INR","https://vasvi.in/PZ5043Red/rayon-solid-straight-ankle-length-palazzo-6999526526b0d","https://vasvi.in/uploads/products/variant_10_68e38d2e8a0b6.jpg","VASVI","Women","Women","100","649INR","","JJ-10229","unisex","","","","","","","250 grm","","","","","","","",""
"124","PZ5043Yellow","Rayon Solid Straight Ankle Length Palazzo","Rayon Solid Straight Ankle Length Palazzo","Yes","No","649INR","https://vasvi.in/PZ5043Yellow/rayon-solid-straight-ankle-length-palazzo-69995234831a6","https://vasvi.in/uploads/products/variant_2_68e38f9f34bb7.jpg","VASVI","Women","Women","100","649INR","","JJ-10230","unisex","","","","","","","250 grm","","","","","","","",""
"125","PZ5043Maroon","Rayon Solid Straight Ankle Length Palazzo","Rayon Solid Straight Ankle Length Palazzo","Yes","No","649INR","https://vasvi.in/PZ5043Maroon/rayon-solid-straight-ankle-length-palazzo-6999520a3d06b","https://vasvi.in/uploads/products/variant_34_68e390080d0d7.jpg","VASVI","Women","Women","96","649INR","","JJ-10231","unisex","","","","","","","250 grm","","","","","","","",""
"126","PZ5043Peach","Rayon Solid Straight Ankle Length Palazzo","Rayon Solid Straight Ankle Length Palazzo","Yes","No","649INR","https://vasvi.in/PZ5043Peach/rayon-solid-straight-ankle-length-palazzo-6999751c5c79a","https://vasvi.in/uploads/products/variant_48_68e3912090a60.jpg","VASVI","Women","Women","93","649INR","","JJ-10232","unisex","","","","","","","250 grm","","","","","","","",""
"127","CSD5870","Women Floral Printed Cotton Handwaork Kurta with Trousers & Dupatta","VASVI Women Floral Printed Cotton Handwork Kurta with Trousers & Dupatta","Yes","No","1899INR","https://vasvi.in/CSD5870/women-floral-printed-cotton-handwaork-kurta-with-trousers-dupatta-696ef672b28bf","https://vasvi.in/uploads/products/variant_4_68e61142ac934.JPG","VASVI","Women","Women","95","1899INR","","JJ-10233","unisex","","","","","","","0.490 grm","","","","","","","",""
"128","CSD5941","Floral Printed Mandarin Collar Pure Cotton Straight Kurta With Trousers & Dupatta","VASVI Floral Printed Mandarin Collar Pure Cotton Straight Kurta With Trousers & Dupatta","Yes","No","1849INR","https://vasvi.in/CSD5941/floral-printed-mandarin-collar-pure-cotton-straight-kurta-with-trousers-dupatta-696ef72529d72","https://vasvi.in/uploads/products/variant_2_68e627e16352b.JPG","VASVI","Women","Women","99","1849INR","","JJ-10235","unisex","","","","","","","0.490 grm","","","","","","","",""
"129","CSD5771","Women Printed Modal Chanderi Kurta Pant With Dupatta Set","VASVI Women Printed Modal Chanderi Straight Kurta Pant With Dupatta Set","Yes","No","2499INR","https://vasvi.in/CSD5771/women-printed-modal-chanderi-kurta-pant-with-dupatta-set-696ef7f228730","https://vasvi.in/uploads/products/variant_11_68e6456fc659a.JPG","VASVI","Women","Women","98","2499INR","","JJ-10238","unisex","","","","","","","0.490 grm","","","","","","","",""
"130","CSD5709","Women Printed Modal Chanderi Kurta Pant With Dupatta Set","VASVI Women Printed Modal Chanderi Kurta Pant With Dupatta Set","Yes","No","1999INR","https://vasvi.in/CSD5709/women-printed-modal-chanderi-kurta-pant-with-dupatta-set-696ef86823091","https://vasvi.in/uploads/products/variant_1_68e648126afb0.JPG","VASVI","Women","Women","90","1999INR","","JJ-10239","unisex","","","","","","","0.490 grm","","","","","","","",""
"131","CS6156","Women's Abstract Printed Cotton Flex Kurta With Trouser","VASVI Women's Abstract Printed Cotton Flex  Handwork Kurta With Trouser","Yes","No","1249INR","https://vasvi.in/CS6156/womens-abstract-printed-cotton-flex-kurta-with-trouser-696f5d4f6162b","https://vasvi.in/uploads/products/variant_30_690c4201992c0.JPG","VASVI","Women","Women","99","1249INR","","JJ-10245","unisex","","","","","","","0.390 grm","","","","","","","",""
"132","CS6167","Women's Ethnic Motifs Printed Pure Cotton Flex Kurta with Trousers","VASVI Women's Ethnic Motifs Printed Pure Cotton Flex Kurta with Trousers","Yes","No","1199INR","https://vasvi.in/CS6167/womens-ethnic-motifs-printed-pure-cotton-flex-kurta-with-trousers-696ef97fd5141","https://vasvi.in/uploads/products/variant_30_690c48d0ef018.JPG","VASVI","Women","Women","99","1199INR","","JJ-10246","unisex","","","","","","","0.250 grm","","","","","","","",""
"133","SK6167","Women's Ethnic Motifs Printed Pure Cotton Flex Kurta","VASVI Women's Ethnic Motifs Printed Pure Cotton Flex Kurta","Yes","No","799INR","https://vasvi.in/SK6167/womens-ethnic-motifs-printed-pure-cotton-flex-kurta-697d9b61e8de9","https://vasvi.in/uploads/products/variant_30_690c6faf920b3.JPG","VASVI","Women","Women","96","799INR","","JJ-10247","unisex","","","","","","","0.250 grm","","","","","","","",""
"134","SK6156","Women's Abstract Printed Cotton Flex Kurta","VASVI Women's Abstract Printed Cotton Flex  Handwork Kurta","Yes","No","799INR","https://vasvi.in/SK6156/womens-abstract-printed-cotton-flex-kurta-698c151095ed0","https://vasvi.in/uploads/products/variant_40_690daf00333e7.JPG","VASVI","Women","Women","91","799INR","","JJ-10248","unisex","","","","","","","0.290 grm","","","","","","","",""
"135","CO6064","Cotton Flex Printed Co-ord Set","VASVI Women Cotton Flex Printed Co-ord Set","Yes","No","1399INR","https://vasvi.in/CO6064/cotton-flex-printed-co-ord-set-696b3cee716c1","https://vasvi.in/uploads/products/variant_4_690db18fc18bc.JPG","VASVI","Women","Women","100","1399INR","","JJ-10249","unisex","","","","","","","0.290 grm","","","","","","","",""
"136","CSD5973","Women Ethnic Motifs Muskin Printed Kurta with Trousers & Dupatta","VASVI Women Adda Work Ethnic Motifs Muslin Printed Kurta with Trousers & Dupatta","Yes","No","2999INR","https://vasvi.in/CSD5973/women-ethnic-motifs-muskin-printed-kurta-with-trousers-dupatta-696ef9e8df318","https://vasvi.in/uploads/products/variant_10_690dd6a052bb4.jpg","VASVI","Women","Women","100","2999INR","","JJ-10251","unisex","","","","","","","0.390 grm","","","","","","","",""
"137","CSD5976","Ethnic Motifs Printed Round Neck Beads & Stones Work Muslin Kurta With Trousers & Dupatta","VASVI Women's Ethnic Motifs Printed Round Neck Beads & Stones Work Muslin Kurta With Trousers & Dupatta","Yes","No","2999INR","https://vasvi.in/CSD5976/ethnic-motifs-printed-round-neck-beads-stones-work-muslin-kurta-with-trousers-dupatta-696f47760af55","https://vasvi.in/uploads/products/variant_11_690dd7b6a3b37.jpg","VASVI","Women","Women","100","2999INR","","JJ-10252","unisex","","","","","","","0.390 grm","","","","","","","",""
"138","CSD5978","Ethnic Motifs Printed Notch Neck Sequinned Work Muslin Kurta With Trousers & Dupatta","VASVI Women's Ethnic Motifs Printed Notch Neck Sequinned Work Muslin Kurta With Trousers & Dupatta","Yes","No","2999INR","https://vasvi.in/CSD5978/ethnic-motifs-printed-notch-neck-sequinned-work-muslin-kurta-with-trousers-dupatta-696f48247be83","https://vasvi.in/uploads/products/variant_15_690ddb90eb189.jpg","VASVI","Women","Women","-5190","2999INR","","JJ-10253","unisex","","","","","","","0.390 grm","","","","","","","",""
"139","CSD5989","Ethnic Motifs Printed Round Neck Beads & Stones Muslin Kurta With Trousers & Dupatta","VASVI Women's  Ethnic Motifs Printed Round Neck Beads & Stones Muslin Kurta With Trousers & Dupatta","Yes","No","2999INR","https://vasvi.in/CSD5989/ethnic-motifs-printed-round-neck-beads-stones-muslin-kurta-with-trousers-dupatta-696f48ca51846","https://vasvi.in/uploads/products/variant_11_690ddcb6be8c7.jpg","VASVI","Women","Women","100","2999INR","","JJ-10254","unisex","","","","","","","0.390 grm","","","","","","","",""
"140","CSD5990","Ethnic Motifs Printed Round Neck Sequinned Muslin Kurta With Trousers & Dupatta","VASVI Women's Ethnic Motifs Printed Round Neck Sequinned Muslin Kurta With Trousers & Dupatta","Yes","No","2999INR","https://vasvi.in/CSD5990/ethnic-motifs-printed-round-neck-sequinned-muslin-kurta-with-trousers-dupatta-69995e678ad09","https://vasvi.in/uploads/products/variant_11_690ddd7e01fa3.jpg","VASVI","Women","Women","100","2999INR","","JJ-10255","unisex","","","","","","","0.390 grm","","","","","","","",""
"141","TP5123","Rayon Mandarin Collar Printed Top","VASVI Women's Rayon Mandarin Collar Printed Top","Yes","No","699INR","https://vasvi.in/TP5123/rayon-mandarin-collar-printed-top-698606e3b1a68","https://vasvi.in/uploads/products/variant_29_69118667c8d95.jpg","VASVI","Women","Women","99","699INR","","JJ-10256","unisex","","","","","","","0.250 grm","","","","","","","",""
"142","TP4041","Women's Cotton Printed Top","VASVI Women's  Cotton Printed Top","Yes","No","999INR","https://vasvi.in/TP4041/womens-cotton-printed-top-697469721f0f8","https://vasvi.in/uploads/products/variant_34_69145f885761a.jpg","VASVI","Women","Women","100","999INR","","JJ-10258","unisex","","","","","","","0.250 grm","","","","","","","",""
"143","TP6006","Women's Cotton Printed Top","VASVI Women's  Cotton Printed Top","Yes","No","599INR","https://vasvi.in/TP6006/womens-cotton-printed-top-697469dd4e148","https://vasvi.in/uploads/products/variant_52_691460d3283b3.jpg","VASVI","Women","Women","-199999909","599INR","","JJ-10260","unisex","","","","","","","0.250 grm","","","","","","","",""
"144","TP5819","Women's Cotton Printed Sleeveless Top","VASVI Women's Cotton Printed Sleeveless Top","Yes","No","699INR","https://vasvi.in/TP5819/womens-cotton-printed-sleeveless-top-69746a4914dab","https://vasvi.in/uploads/products/variant_2_691464c2da158.JPG","VASVI","Women","Women","100","699INR","","JJ-10261","unisex","","","","","","","0.250 grm","","","","","","","",""
"145","TP5814","Women's Cotton Printed Top","VASVI Women's  Cotton Printed Top","Yes","No","699INR","https://vasvi.in/TP5814/womens-cotton-printed-top-69746ac7a95cf","https://vasvi.in/uploads/products/variant_4_69146853de1c8.jpg","VASVI","Women","Women","95","699INR","","JJ-10262","unisex","","","","","","","0.250 grm","","","","","","","",""
"146","TU2221","Women Printed Handwork Cotton Top","VASVI Women Printed Handwork Cotton Top","Yes","No","1199INR","https://vasvi.in/TU2221/women-printed-handwork-cotton-top-69746b1924670","https://vasvi.in/uploads/products/variant_3_691c541275c62.JPG","VASVI","Women","Women","100","599INR","","JJ-10263","unisex","","","","","","","0.250 grm","","","","","","","",""
"147","AL2264","Women's Cotton Dobby Embroidered Aline Kurta","VASVI  Women's Cotton Dobby Embroidered Aline Kurta","Yes","No","1999INR","https://vasvi.in/AL2264/womens-cotton-dobby-embroidered-aline-kurta-69525cf8b2f78","https://vasvi.in/uploads/settings/FEB2026/1770814794-settings.png","VASVI","Factory Outlet","Factory Outlet","100","1999INR","","JJ-10264","unisex","","","","","","","0.290 grm","","","","","","","",""
"148","DR06151","Women Printed Cotton Calf Length Dress","VASVI Women Printed Cotton Calf Length Dress","Yes","No","1439INR","https://vasvi.in/DR06151/women-printed-cotton-calf-length-dress-69525cc78fae5","https://vasvi.in/uploads/settings/FEB2026/1770814794-settings.png","VASVI","Factory Outlet","Factory Outlet","100","1439INR","","JJ-10265","unisex","","","","","","","0.250 grm","","","","","","","",""
"149","BG2430","Baby Girl Lace Work Embroidered Georgette Fabric Angrakha","Baby Girl Lace Work Embroidered Georgette Fabric Angrakha","Yes","No","1499INR","https://vasvi.in/BG2430/baby-girl-lace-work-embroidered-georgette-fabric-angrakha-69525c0f2e61c","https://vasvi.in/uploads/products/variant_37_691d886caf18d.png","VASVI","Kids","Kids","100","1499INR","","JJ-10267","unisex","","","","","","","0.490 grm","","","","","","","",""
"150","BG2467","Baby Girl Lace Work Embroidered Georgette Fabric  Dress","Baby Girl Lace Work Embroidered Georgette Fabric Dress","Yes","No","1499INR","https://vasvi.in/BG2467/baby-girl-lace-work-embroidered-georgette-fabric-dress-69994fc727b1b","https://vasvi.in/uploads/products/variant_10_69525ba9af97b.png","VASVI","Kids","Kids","100","1499INR","","JJ-10268","unisex","","","","","","","0.490 grm","","","","","","","",""
"151","DR1885","Women's Crepe Embroidered Fit & Flared Maxi Ethnic Dress","VASVI Women's Crepe Embroidered Fit & Flared Maxi Ethnic Dress","Yes","No","1249INR","https://vasvi.in/DR1885/womens-crepe-embroidered-fit-flared-maxi-ethnic-dress-695258f621ad3","https://vasvi.in/uploads/products/variant_51_691ed4689c242.png","VASVI","Factory Outlet","Factory Outlet","100","1249INR","","JJ-10270","unisex","","","","","","","0.390 grm","","","","","","","",""
"152","DR5022","Women's  Muslin Floral Printed A-Line Ethnic Dress","VASVI Women's  Muslin Floral Printed A-Line Ethnic Dress","Yes","No","1499INR","https://vasvi.in/DR5022/womens-muslin-floral-printed-a-line-ethnic-dress-695258d46be48","https://vasvi.in/uploads/products/variant_38_691ef97f784d7.JPG","VASVI","Women","Women","100","1499INR","","JJ-10271","unisex","","","","","","","0.250 grm","","","","","","","",""
"153","AL5820","Women's Floral Embroidered V-Neck Anarkali Kurta","VASVI Women's Floral Embroidered V-Neck Anarkali Kurta","Yes","No","599INR","https://vasvi.in/AL5820/womens-floral-embroidered-v-neck-anarkali-kurta-6952589eb741f","https://vasvi.in/uploads/settings/FEB2026/1770814794-settings.png","VASVI","Factory Outlet","Factory Outlet","100","599INR","","JJ-10272","unisex","","","","","","","0.390 grm","","","","","","","",""
"154","DR4040","Women's Floral Printed Round Neck Sleeveless A-Line Kurta","VASVI Women's Floral Printed Round Neck Sleeveless A-Line Kurta","Yes","No","599INR","https://vasvi.in/DR4040/womens-floral-printed-round-neck-sleeveless-a-line-kurta-695258691bc92","https://vasvi.in/uploads/settings/FEB2026/1770814794-settings.png","VASVI","Factory Outlet","Factory Outlet","100","599INR","","JJ-10273","unisex","","","","","","","0.390 grm","","","","","","","",""
"155","AL5829","Women's Floral Embroidered Thread Work V-Neck A-line Kurta","VASVI Women's Floral Embroidered Thread Work V-Neck A-line Kurta","Yes","No","599INR","https://vasvi.in/AL5829/womens-floral-embroidered-thread-work-v-neck-a-line-kurta-6952583f52a17","https://vasvi.in/uploads/settings/FEB2026/1770814794-settings.png","VASVI","Factory Outlet","Factory Outlet","100","599INR","","JJ-10274","unisex","","","","","","","0.390 grm","","","","","","","",""
"156","DR4037","Women's Floral Printed Mandarin Collar Bell Sleeves A-Line Kurta","VASVI Women's Floral Printed Mandarin Collar Bell Sleeves A-Line Kurta","Yes","No","699INR","https://vasvi.in/DR4037/womens-floral-printed-mandarin-collar-bell-sleeves-a-line-kurta-6952581b425f9","https://vasvi.in/uploads/settings/FEB2026/1770814794-settings.png","VASVI","Factory Outlet","Factory Outlet","100","699INR","","JJ-10275","unisex","","","","","","","0.390 grm","","","","","","","",""
"157","SKPY15","Women's Embroidered Solid Kurta","VASVI Women's Embroidered Solid Kurta","Yes","No","499INR","https://vasvi.in/SKPY15/womens-embroidered-solid-kurta-695257f2335d6","https://vasvi.in/uploads/settings/FEB2026/1770814794-settings.png","VASVI","Factory Outlet","Factory Outlet","100","499INR","","JJ-10276","unisex","","","","","","","0.250 grm","","","","","","","",""
"158","AL5831","Women's Floral Embroidered Thread Work V-Neck A-line Kurta","VASVI Women's Floral Embroidered Thread Work V-Neck A-line Kurta","Yes","No","599INR","https://vasvi.in/AL5831/womens-floral-embroidered-thread-work-v-neck-a-line-kurta-695257d64c245","https://vasvi.in/uploads/settings/FEB2026/1770814794-settings.png","VASVI","Factory Outlet","Factory Outlet","100","599INR","","JJ-10277","unisex","","","","","","","0.390 grm","","","","","","","",""
"159","AL062","Womens Cotton Mandarin Collar Striped Kurta","VASVI Womens Cotton Mandarin Collar Striped Kurta","Yes","No","1049INR","https://vasvi.in/AL062/womens-cotton-mandarin-collar-striped-kurta-69577aa34ce40","https://vasvi.in/uploads/settings/FEB2026/1770814794-settings.png","VASVI","Factory Outlet","Factory Outlet","50","1049INR","","JJ-10279","unisex","","","","","","","250 grm","","","","","","","",""
"160","KDPY04BK51","Floral Embroidered Flared Sleeves Thread Work Kurta with Dupatta","VASVI Women Floral Embroidered Flared Sleeves Thread Work Kurta with Dupatta","Yes","No","1399INR","https://vasvi.in/KDPY04BK51/floral-embroidered-flared-sleeves-thread-work-kurta-with-dupatta-695257195b070","https://vasvi.in/uploads/settings/FEB2026/1770814794-settings.png","VASVI","Factory Outlet","Factory Outlet","50","1399INR","","JJ-10280","unisex","","","","","","","250 grm","","","","","","","",""
"161","CSPY10BK51","Women Santoon Regular Sequinned Kurta with Trousers","VASVI Women Santoon Regular Sequinned Kurta with Trousers","Yes","No","1299INR","https://vasvi.in/CSPY10BK51/women-santoon-regular-sequinned-kurta-with-trousers-695256d7ab510","https://vasvi.in/uploads/settings/FEB2026/1770814794-settings.png","VASVI","Factory Outlet","Factory Outlet","50","1299INR","","JJ-10284","unisex","","","","","","","250 grm","","","","","","","",""
"162","SKPY6002","Women's Printed Handwork Straight Kurta","VASVI Women's Printed Handwork Straight Kurta","Yes","No","799INR","https://vasvi.in/SKPY6002/womens-printed-handwork-straight-kurta-695256aa57353","https://vasvi.in/uploads/settings/FEB2026/1770814794-settings.png","VASVI","Women","Women","100","799INR","","JJ-10285","unisex","","","","","","","0.250 grm","","","","","","","",""
"163","SKPY15BK51","Women Floral Woven Design Round Neck Zari Straight Kurta","VASVI Women Floral Woven Design Round Neck Zari Straight Kurta","Yes","No","899INR","https://vasvi.in/SKPY15BK51/women-floral-woven-design-round-neck-zari-straight-kurta-6952568b369f6","https://vasvi.in/uploads/products/variant_45_6921646934b87.jpg","VASVI","Factory Outlet","Factory Outlet","50","899INR","","JJ-10286","unisex","","","","","","","250 grm","","","","","","","",""
"164","AL373-P","Cotton Floral Printed A Line Cotton Kurta","VASVI Cotton Flex Floral Printed A Line Cotton Kurta","Yes","No","799INR","https://vasvi.in/AL373-P/cotton-floral-printed-a-line-cotton-kurta-6952565ca86fe","https://vasvi.in/uploads/settings/FEB2026/1770814794-settings.png","VASVI","Factory Outlet","Factory Outlet","50","799INR","","JJ-10287","unisex","","","","","","","250 grm","","","","","","","",""
"165","ALPY03BK51","Women Regular Dupion Silk Kurta with Trousers","VASVI Women Regular Dupion Silk Kurta with Trousers","Yes","No","1299INR","https://vasvi.in/ALPY03BK51/women-regular-dupion-silk-kurta-with-trousers-69525639f0560","https://vasvi.in/uploads/settings/FEB2026/1770814794-settings.png","VASVI","Factory Outlet","Factory Outlet","50","1299INR","","JJ-10288","unisex","","","","","","","250 grm","","","","","","","",""
"166","SK2325","Womens Rayon Bandhani Printed Straight Kurta","VASVI Womens Rayon Bandhani Printed Straight Kurta","Yes","No","1399INR","https://vasvi.in/SK2325/womens-rayon-bandhani-printed-straight-kurta-695779324d623","https://vasvi.in/uploads/settings/FEB2026/1770814794-settings.png","VASVI","Factory Outlet","Factory Outlet","50","1399INR","","JJ-10289","unisex","","","","","","","250 grm","","","","","","","",""
"167","AL5826","Womens Ethnic Motifs Printed Mandarin Collar A-line Kurta","VASVI Women Rayon Ethnic Motifs Printed Mandarin Collar A-line Kurta","Yes","No","1299INR","https://vasvi.in/AL5826/womens-ethnic-motifs-printed-mandarin-collar-a-line-kurta-695255d39a4cf","https://vasvi.in/uploads/products/variant_73_6921752808dec.jpg","VASVI","Factory Outlet","Factory Outlet","50","1299INR","","JJ-10290","unisex","","","","","","","250 grm","","","","","","","",""
"168","AL5834","Women Rayon Bandhani Printed Mandarin Collar A-line Kurta","VASVI Rayon Bandhani Printed Mandarin Collar A-line Kurta","Yes","No","1299INR","https://vasvi.in/AL5834/women-rayon-bandhani-printed-mandarin-collar-a-line-kurta-695779e8b97db","https://vasvi.in/uploads/products/variant_2_69217dd8df24d.jpg","VASVI","Factory Outlet","Factory Outlet","50","1299INR","","JJ-10292","unisex","","","","","","","250 grm","","","","","","","",""
"169","SK5832","Women Ethnic Motifs Printed Mandarin Collar Straight Kurta","VASVI Women Rayon Ethnic Motifs Printed Mandarin Collar Straight Kurta","Yes","No","599INR","https://vasvi.in/SK5832/women-ethnic-motifs-printed-mandarin-collar-straight-kurta-6952553e70eb5","https://vasvi.in/uploads/settings/FEB2026/1770814794-settings.png","VASVI","Factory Outlet","Factory Outlet","50","599INR","","JJ-10293","unisex","","","","","","","250 grm","","","","","","","",""
"170","SK5833","Women Chevron Printed Mandarin Collar Cotton Straight Kurta","VASVI Women Chevron Printed Mandarin Collar Cotton Straight Kurta","Yes","No","599INR","https://vasvi.in/SK5833/women-chevron-printed-mandarin-collar-cotton-straight-kurta-695254fdb89ab","https://vasvi.in/uploads/settings/FEB2026/1770814794-settings.png","VASVI","Factory Outlet","Factory Outlet","50","599INR","","JJ-10294","unisex","","","","","","","","","","","","","","",""
"171","TU5836","Rayon Women Printed Embellished Tunic","VASVI Women Rayon Printed Embellished Tunic","Yes","No","499INR","https://vasvi.in/TU5836/rayon-women-printed-embellished-tunic-69525449de1fc","https://vasvi.in/uploads/products/variant_49_69218106ebb32.jpg","VASVI","Factory Outlet","Factory Outlet","50","499INR","","JJ-10295","unisex","","","","","","","250 grm","","","","","","","",""
"172","AL5825","Women Rayon Floral Printed Mandarin Collar Straight Kurta","VASVI Women Rayon Floral Printed Mandarin Collar Straight Kurta","Yes","No","1299INR","https://vasvi.in/AL5825/women-rayon-floral-printed-mandarin-collar-straight-kurta-695254032743d","https://vasvi.in/uploads/settings/FEB2026/1770814794-settings.png","VASVI","Factory Outlet","Factory Outlet","50","1299INR","","JJ-10296","unisex","","","","","","","250 grm","","","","","","","",""
"173","AL5827","Womens Chanderi Floral Embroidered Notch Neck Silk Straight Kurta","VASVI Women Floral Embroidered Notch Neck Chanderi Silk Straight Kurta","Yes","No","1999INR","https://vasvi.in/AL5827/womens-chanderi-floral-embroidered-notch-neck-silk-straight-kurta-695777609ab39","https://vasvi.in/uploads/settings/FEB2026/1770814794-settings.png","VASVI","Factory Outlet","Factory Outlet","50","1999INR","","JJ-10297","unisex","","","","","","","250 grm","","","","","","","",""
"174","SK5821","Women Rayon Floral Printed Mandarin Collar Straight Kurta","VASVI Women Rayon Floral Printed Mandarin Collar Straight Kurta","Yes","No","699INR","https://vasvi.in/SK5821/women-rayon-floral-printed-mandarin-collar-straight-kurta-695253a0426b7","https://vasvi.in/uploads/settings/FEB2026/1770814794-settings.png","VASVI","Factory Outlet","Factory Outlet","50","699INR","","JJ-10298","unisex","","","","","","","250 grm","","","","","","","",""
"175","SK1001BK","Floral Printed Notch Neck Pure Cotton Straight Kurta","VASVI Women Floral Printed Notch Neck Pure Cotton Straight Kurta","Yes","No","499INR","https://vasvi.in/SK1001BK/floral-printed-notch-neck-pure-cotton-straight-kurta-695253802b517","https://vasvi.in/uploads/products/variant_16_692186d1ee83b.jpg","VASVI","Factory Outlet","Factory Outlet","50","499INR","","JJ-10299","unisex","","","","","","","250 grm","","","","","","","",""
"176","SK5587","Rayon Polka Dot Printed Round Neck Straight Kurta","VASVI Women Rayon Polka Dot Printed Round Neck Straight Kurta","Yes","No","1299INR","https://vasvi.in/SK5587/rayon-polka-dot-printed-round-neck-straight-kurta-695253424c1dc","https://vasvi.in/uploads/products/variant_36_692187e6b1ee4.jpg","VASVI","Factory Outlet","Factory Outlet","50","1299INR","","JJ-10300","unisex","","","","","","","250 grm","","","","","","","",""
"177","SKPY06BK51","Floral Yoke Design Notch Neck Zari Chanderi Cotton Straight Kurta","VASVI Women Floral Yoke Design Notch Neck Zari Chanderi Cotton Straight Kurta","Yes","No","599INR","https://vasvi.in/SKPY06BK51/floral-yoke-design-notch-neck-zari-chanderi-cotton-straight-kurta-6952530db3b7a","https://vasvi.in/uploads/products/variant_35_69218c9d525ac.jpg","VASVI","Factory Outlet","Factory Outlet","50","599INR","","JJ-10301","unisex","","","","","","","250 grm","","","","","","","",""
"178","ALPY8002","Women's Embroidered Rayon Printed Aline Kurta","VASVI Women's Embroidered Rayon Printed Aline Kurta","Yes","No","999INR","https://vasvi.in/ALPY8002/womens-embroidered-rayon-printed-aline-kurta-695776e492859","https://vasvi.in/uploads/products/variant_47_69218e4031559.png","VASVI","Women","Women","100","999INR","","JJ-10302","unisex","","","","","","","0.250 grm","","","","","","","",""
"179","ALPY1002","Women's Embroidered Rayon Printed Straight Kurta","VASVI Women's Embroidered Rayon Printed Straight Kurta","Yes","No","799INR","https://vasvi.in/ALPY1002/womens-embroidered-rayon-printed-straight-kurta-6957733d9e9b0","https://vasvi.in/uploads/products/variant_10_69218d5f3cc7a.png","VASVI","Women","Women","100","799INR","","JJ-10303","unisex","","","","","","","0.250 grm","","","","","","","",""
"180","AL5824","Floral Printed V-Neck A-line Cotton Angrakha Kurta","VASVI Women Floral Printed V-Neck A-line Cotton Angrakha Kurta","Yes","No","999INR","https://vasvi.in/AL5824/floral-printed-v-neck-a-line-cotton-angrakha-kurta-695772f56b830","https://vasvi.in/uploads/settings/FEB2026/1770814794-settings.png","VASVI","Factory Outlet","Factory Outlet","50","999INR","","JJ-10304","unisex","","","","","","","250 grm","","","","","","","",""
"181","SKPY68001","Women's Printed Handwork Straight Kurta","VASVI Women's Printed Handwork Straight Kurta","Yes","No","599INR","https://vasvi.in/SKPY68001/womens-printed-handwork-straight-kurta-6964f1175ee46","https://vasvi.in/uploads/products/variant_48_692197b3adafd.png","VASVI","Women","Women","100","599INR","","JJ-10305","unisex","","","","","","","0.250 grm","","","","","","","",""
"182","SKPY7004","Women's Printed Lace Work  Straight Kurta","VASVI Women's Printed Lace Work  Straight Kurta","Yes","No","799INR","https://vasvi.in/SKPY7004/womens-printed-lace-work-straight-kurta-6964f0d4a5755","https://vasvi.in/uploads/products/variant_43_69219e4bd2285.png","VASVI","Women","Women","99","799INR","","JJ-10306","unisex","","","","","","","0.250 grm","","","","","","","",""
"183","PE-031","Women's Rayon Printed Embroidered Straight Kurta","VASVI Women's Rayon Printed Embroidered Straight Kurta","Yes","No","1495INR","https://vasvi.in/PE-031/womens-rayon-printed-embroidered-straight-kurta-6952521a9b1cf","https://vasvi.in/uploads/products/variant_56_6923f15f3e57e.png","VASVI","Factory Outlet","Factory Outlet","100","598INR","","JJ-10307","unisex","","","","","","","0.250 grm","","","","","","","",""
"184","PE-054","Women's Printed Cotton Round Neck Straight Kurta","VASVI Women's Printed Cotton Round Neck Straight Kurta","Yes","No","699INR","https://vasvi.in/PE-054/womens-printed-cotton-round-neck-straight-kurta-695251f080385","https://vasvi.in/uploads/settings/FEB2026/1770814794-settings.png","VASVI","Factory Outlet","Factory Outlet","100","280INR","","JJ-10308","unisex","","","","","","","0.250 grm","","","","","","","",""
"185","PE-058","Women's  Gold Printed Lace Work Aline Kurta","VASVI Women's  Gold Printed Lace Work Aline Kurta","Yes","No","1799INR","https://vasvi.in/PE-058/womens-gold-printed-lace-work-aline-kurta-695778d3b0642","https://vasvi.in/uploads/settings/FEB2026/1770814794-settings.png","VASVI","Factory Outlet","Factory Outlet","100","720INR","","JJ-10309","unisex","","","","","","","0.350 grm","","","","","","","",""
"186","PE-040","Women's Floral Printed Round Neck Sleeveless Straight Kurta","VASVI Women's Floral Printed Round Neck Sleeveless Straight Kurta","Yes","No","849INR","https://vasvi.in/PE-040/womens-floral-printed-round-neck-sleeveless-straight-kurta-69577656dfddf","https://vasvi.in/uploads/settings/FEB2026/1770814794-settings.png","VASVI","Factory Outlet","Factory Outlet","100","340INR","","JJ-10310","unisex","","","","","","","0.250 grm","","","","","","","",""
"187","PE-052","VASVI Women Straight Kurta","VASVI Women Straight Kurta","Yes","No","899INR","https://vasvi.in/PE-052/vasvi-women-straight-kurta-695250108ed4c","https://vasvi.in/uploads/settings/FEB2026/1770814794-settings.png","VASVI","Factory Outlet","Factory Outlet","100","360INR","","JJ-10311","unisex","","","","","","","0.250 grm","","","","","","","",""
"188","PE-034","Women's Floral Printed Round Neck Sleeveless A-Line Dress","VASVI Women's Floral Printed Round Neck Sleeveless A-Line Dress","Yes","No","2099INR","https://vasvi.in/PE-034/womens-floral-printed-round-neck-sleeveless-a-line-dress-69e5c55e51315","https://vasvi.in/uploads/products/variant_4_692400bc963da.png","VASVI","Factory Outlet","Factory Outlet","100","840INR","","JJ-10312","unisex","","","","","","","0.490 grm","","","","","","","",""
"189","MS6022","Men Classic Spread Collar Floral Printed Cotton Slim Fit Casual Shirt","VASVI Men's Classic Spread Collar Floral Printed Cotton Slim Fit Casual Shirt","Yes","No","699INR","https://vasvi.in/MS6022/men-classic-spread-collar-floral-printed-cotton-slim-fit-casual-shirt-6999476e4f921","https://vasvi.in/uploads/products/variant_4_69242c4db7035.png","VASVI","Mens","Mens","80","699INR","","JJ-10313","unisex","","","","","","","250 grm","","","","","","","",""
"190","MS6022B","Men Classic Spread Collar Floral Printed Cotton Slim Fit Casual Shirt","VASVI Men's Classic Spread Collar Floral Printed Cotton Slim Fit Casual Shirt","Yes","No","699INR","https://vasvi.in/MS6022B/men-classic-spread-collar-floral-printed-cotton-slim-fit-casual-shirt-69994734aa86b","https://vasvi.in/uploads/products/variant_17_69242ecc28a34.png","VASVI","Mens","Mens","100","699INR","","JJ-10314","unisex","","","","","","","250 grm","","","","","","","",""
"191","MS6022G","Men Classic Spread Collar Floral Printed Cotton Slim Fit Casual Shirt","VASVI Men's Classic Spread Collar Floral Printed Cotton Slim Fit Casual Shirt","Yes","No","699INR","https://vasvi.in/MS6022G/men-classic-spread-collar-floral-printed-cotton-slim-fit-casual-shirt-6964eebd44e0d","https://vasvi.in/uploads/products/variant_28_692435ac7aad9.png","VASVI","Mens","Mens","100","699INR","","JJ-10315","unisex","","","","","","","250 grm","","","","","","","",""
"192","MS6022M","Men Classic Spread Collar Floral Printed Cotton Slim Fit Casual Shirt","VASVI Men's Classic Spread Collar Floral Printed Cotton Slim Fit Casual Shirt","Yes","No","699INR","https://vasvi.in/MS6022M/men-classic-spread-collar-floral-printed-cotton-slim-fit-casual-shirt-699946d7490bd","https://vasvi.in/uploads/products/variant_15_69243692e1a80.png","VASVI","Mens","Mens","100","699INR","","JJ-10316","unisex","","","","","","","250 grm","","","","","","","",""
"193","MS6022W","Men Classic Spread Collar Printed Cotton Slim Fit Casual Shirt","VASVI Men's Classic Spread Collar Floral Cotton Slim Fit Casual Shirt","Yes","No","699INR","https://vasvi.in/MS6022W/men-classic-spread-collar-printed-cotton-slim-fit-casual-shirt-6989a26513a06","https://vasvi.in/uploads/products/variant_3_692438375c925.png","VASVI","Mens","Mens","100","699INR","","JJ-10317","unisex","","","","","","","250 grm","","","","","","","",""
"194","MS6022Navy","Men Classic Spread Collar Printed Cotton Slim Fit Casual Shirt","VASVI Men's Classic Spread Collar Floral Cotton Slim Fit Casual Shirt","Yes","No","699INR","https://vasvi.in/MS6022Navy/men-classic-spread-collar-printed-cotton-slim-fit-casual-shirt-6964ee5be0cd7","https://vasvi.in/uploads/products/variant_17_69243a4116896.png","VASVI","Mens","Mens","100","699INR","","JJ-10318","unisex","","","","","","","250 grm","","","","","","","",""
"195","MS6022Black","Men Classic Spread Collar Printed Cotton Slim Fit Casual Shirt","VASVI Men's Classic Spread Collar Floral Cotton Slim Fit Casual Shirt","Yes","No","699INR","https://vasvi.in/MS6022Black/men-classic-spread-collar-printed-cotton-slim-fit-casual-shirt-6964ee4499ec3","https://vasvi.in/uploads/products/variant_1_69243b9a4b283.png","VASVI","Mens","Mens","89","699INR","","JJ-10319","unisex","","","","","","","250 grm","","","","","","","",""
"196","DR6111","Women's Floral Embroidered Puff Sleeve A-Line Midi Dress","VASVI Women's Floral Embroidered Puff Sleeve A-Line Midi Dress","Yes","No","1845INR","https://vasvi.in/DR6111/womens-floral-embroidered-puff-sleeve-a-line-midi-dress-697337c9b0ec5","https://vasvi.in/uploads/products/variant_3_692540b44a1dc.JPG","VASVI","Women","Women","100","1845INR","","JJ-10320","unisex","","","","","","","390 grm","","","","","","","",""
"197","CO6121","Women Printed Crepe Kurta With Palazzo Co-Ords Set","Women Printed Crepe Kurta With Palazzo Co-Ords Set","Yes","No","1899INR","https://vasvi.in/CO6121/women-printed-crepe-kurta-with-palazzo-co-ords-set-696dd9dd5bd67","https://vasvi.in/uploads/products/variant_18_696dd9dd64a02.jpg","VASVI","Women","Women","100","1899INR","","JJ-10329","unisex","","","","","","","0.390 grm","","","","","","","",""
"198","CO6042","Women Embroidered Shirt With Trousers Co-Ords Set","VASVI Women Embroidered Shirt With Trousers Co-Ords Set","Yes","No","1449INR","https://vasvi.in/CO6042/women-embroidered-shirt-with-trousers-co-ords-set-698eacf5bf528","https://vasvi.in/uploads/products/variant_51_696de1ee5f5e5.jpg","VASVI","Women","Women","100","1449INR","","JJ-10330","unisex","","","","","","","0.390 grm","","","","","","","",""
"199","CO6034","Women Embroidered Shirt With Trousers Co-Ords Set","VASVI Women Embroidered Shirt With Trousers Co-Ords Set","Yes","No","1449INR","https://vasvi.in/CO6034/women-embroidered-shirt-with-trousers-co-ords-set-696de18db2dd6","https://vasvi.in/uploads/products/variant_4_696de0a031b95.jpg","VASVI","Women","Women","100","1449INR","","JJ-10331","unisex","","","","","","","0.390 grm","","","","","","","",""
"200","CSD5885","Women Floral Printed Pure Cotton Straight Kurta With Trousers & Dupatta Set","VASVI Women Floral Printed Pure Cotton Straight Kurta With Trousers & Dupatta Set","Yes","No","1499INR","https://vasvi.in/CSD5885/women-floral-printed-pure-cotton-straight-kurta-with-trousers-dupatta-set-6996af86b2c99","https://vasvi.in/uploads/products/variant_2_697080e44233a.jpg","VASVI","Women","Women","86","1499INR","","JJ-10335","unisex","","","","","","","0.490 grm","","","","","","","",""
"201","CSD5885Purple","Women Floral Printed Pure Cotton Straight Kurta With Trousers & Dupatta Set","VASVI Women Floral Printed Pure Cotton Straight Kurta With Trousers & Dupatta Set","Yes","No","1499INR","https://vasvi.in/CSD5885Purple/women-floral-printed-pure-cotton-straight-kurta-with-trousers-dupatta-set-69708ce105ab3","https://vasvi.in/uploads/products/variant_40_69708ce10eac8.jpg","VASVI","Women","Women","100","1499INR","","JJ-10336","unisex","","","","","","","0.490 grm","","","","","","","",""
"202","CSD5885Purple1","Women Floral Printed Pure Cotton Straight Kurta With Trousers & Dupatta Set","VASVI Women Floral Printed Pure Cotton Straight Kurta With Trousers & Dupatta Set","Yes","No","1499INR","https://vasvi.in/CSD5885Purple1/women-floral-printed-pure-cotton-straight-kurta-with-trousers-dupatta-set-69a130a549b23","https://vasvi.in/uploads/products/variant_40_69708e1c2d971.jpg","VASVI","Women","Women","100","1499INR","","JJ-10337","unisex","","","","","","","0.490 grm","","","","","","","",""
"203","CSD6174","Women Floral Printed Crepe Adda Work Kurta with Trousers & Dupatta Set","VASVI Women Floral Printed Crepe Adda Work Kurta with Trousers & Dupatta Set","Yes","No","3499INR","https://vasvi.in/CSD6174/women-floral-printed-crepe-adda-work-kurta-with-trousers-dupatta-set-6970902f788c2","https://vasvi.in/uploads/products/variant_36_6970902f81d05.jpg","VASVI","Women","Women","100","3499INR","","JJ-10338","unisex","","","","","","","0.490 grm","","","","","","","",""
"204","CSD6173","Women Floral Printed Crepe Adda Work Kurta with Trousers & Dupatta Set","VASVI Women Floral Printed Crepe Adda Work Kurta with Trousers & Dupatta Set","Yes","No","3499INR","https://vasvi.in/CSD6173/women-floral-printed-crepe-adda-work-kurta-with-trousers-dupatta-set-6970974d4ec5e","https://vasvi.in/uploads/products/variant_43_69709128347fe.jpg","VASVI","Women","Women","99","3499INR","","JJ-10339","unisex","","","","","","","0.490 grm","","","","","","","",""
"205","CSD6041","Women Handblock Printed Chanderi Cotton Kurta with Trousers & Dupatta Set","VASVI Women Handblock Printed Chanderi Cotton Kurta with Trousers & Dupatta Set","Yes","No","2999INR","https://vasvi.in/CSD6041/women-handblock-printed-chanderi-cotton-kurta-with-trousers-dupatta-set-697097750a2db","https://vasvi.in/uploads/products/variant_4_697094909d936.jpg","VASVI","Women","Women","100","2999INR","","JJ-10340","unisex","","","","","","","0.490 grm","","","","","","","",""
"206","CSD6220","Women Floral Printed Kurta with Harem Pants & Dupatta Set","VASVI Women Floral Printed Kurta with Harem Pants & Dupatta Set","Yes","No","2999INR","https://vasvi.in/CSD6220/women-floral-printed-kurta-with-harem-pants-dupatta-set-69a13cf56279b","https://vasvi.in/uploads/products/variant_28_697096416ca6c.jpg","VASVI","Women","Women","100","2999INR","","JJ-10341","unisex","","","","","","","0.490 grm","","","","","","","",""
"207","SKD6127","Women Jacquard Fabric Printed Ready to Wear Lehenga & Blouse With Dupatta Set","VASVI Women Jacquard Fabric Printed Ready to Wear Lehenga & Blouse With Dupatta Set","Yes","No","2499INR","https://vasvi.in/SKD6127/women-jacquard-fabric-printed-ready-to-wear-lehenga-blouse-with-dupatta-set-6971c15bb3db4","https://vasvi.in/uploads/products/variant_18_6971c15bc0779.jpg","VASVI","Women","Women","100","2499INR","","JJ-10342","unisex","","","","","","","0.790 grm","","","","","","","",""
"208","LCD5744","Women Rayon Fabric Gold Printed Ready to Wear Lehenga & Blouse With Dupatta Set","VASVI Women Rayon Fabric Gold Printed Ready to Wear Lehenga & Blouse With Dupatta Set","Yes","No","2599INR","https://vasvi.in/LCD5744/women-rayon-fabric-gold-printed-ready-to-wear-lehenga-blouse-with-dupatta-set-6971c5fca1f21","https://vasvi.in/uploads/products/variant_10_6971c5fcabcab.jpg","VASVI","Women","Women","95","2599INR","","JJ-10343","unisex","","","","","","","0.790 grm","","","","","","","",""
"209","SKT3011","Women Ethnic Solid Embellished Flared Maxi Skirts","VASVI Women Ethnic Solid Embellished Flared Maxi Skirts","Yes","No","1499INR","https://vasvi.in/SKT3011/women-ethnic-solid-embellished-flared-maxi-skirts-6971e2344685f","https://vasvi.in/uploads/products/variant_3_6971e2346d289.jpg","VASVI","Women","Women","100","1499INR","","JJ-10344","unisex","","","","","","","490 grm","","","","","","","",""
"210","TP5144","Women Printed Cotton Embroidered top","VASVI Women Printed Cotton Embroidered top","Yes","No","599INR","https://vasvi.in/TP5144/women-printed-cotton-embroidered-top-6996af440da4f","https://vasvi.in/uploads/products/variant_2_6978669f9d6f9.jpg","VASVI","Women","Women","97","599INR","","JJ-10345","unisex","","","","","","","250 grm","","","","","","","",""
"211","TU2295","Women Floral Printed Shirt Collar Cotton Tunic","VASVI Women Floral Printed Shirt Collar Cotton Tunic","Yes","No","799INR","https://vasvi.in/TU2295/women-floral-printed-shirt-collar-cotton-tunic-69787d595ed1a","https://vasvi.in/uploads/products/variant_4_69787d5968c85.jpg","VASVI","Women","Women","100","799INR","","JJ-10346","unisex","","","","","","","250 grm","","","","","","","",""
"212","TP2241","Women Floral Print Puff Sleeve Cotton Top","VASVI Women Floral Print Puff Sleeve Cotton Top","Yes","No","599INR","https://vasvi.in/TP2241/women-floral-print-puff-sleeve-cotton-top-69a1312a59f70","https://vasvi.in/uploads/products/variant_11_6978841d64d4b.jpg","VASVI","Women","Women","100","599INR","","JJ-10347","unisex","","","","","","","250 grm","","","","","","","",""
"213","CSD5651","Vasvi Women Jacqurard Embroidered Kurta Set With Dupatta, Peach","Women Jacqurard Embroidered Kurta Set With Dupatta, Peach","Yes","No","3999INR","https://vasvi.in/CSD5651/vasvi-women-jacqurard-embroidered-kurta-set-with-dupatta-peach-6a3f9ff64adcf","https://vasvi.in/uploads/products/variant_7_6a22c17c88646.jpg","VASVI","Women","Women","10","3999INR","","JJ-10350","unisex","","","","","","","400 grm","","","","","","","",""
"214","CSD5885-Purple","Vasvi Women Cotton Printed Kurta Set With Dupatta","Vasvi Women Cotton Printed Kurta Set With Dupatta","Yes","No","1499INR","https://vasvi.in/CSD5885-Purple/vasvi-women-cotton-printed-kurta-set-with-dupatta-6a34eddcd0fff","https://vasvi.in/uploads/products/variant_7_6a34eddd002ac.jpg","VASVI","Women","Women","10","1499INR","","JJ-10351","unisex","","","","","","","400 grm","","","","","","","",""
